feature_index,variable,label,source,itemid,value_source,clinical_category,summary_mode,hourly_coverage,valid_n,valid_fraction,positive_n,negative_n,variance,mean_positive,mean_negative,abs_mean_difference,point_biserial_corr,abs_point_biserial_corr,auroc,auroc_abs,auprc,ap_lift_over_prevalence,mutual_information,possible_leakage_flag,static_like_flag,physiology_direction_hint,univariate_relevance_score,correlation_cluster_id,standardized_variance_diagonal,correlation_cluster_size,mrmr_eligible,mrmr_rank,mrmr_score,mean_abs_corr_with_previous_selected,lambda_redundancy
230,chartevents::225638::Differential-Bands::valuenum,Differential-Bands,chartevents,225638,valuenum,chart_other,min,0.0028158770874142647,483,0.06022443890274314,94,389,48.52326583862305,7.361701965332031,3.4601542949676514,3.90154767036438,0.22174484373275957,0.22174484373275957,0.6534622326751627,0.6534622326751627,0.33027670233617284,2.3608013839002733,0.05925996215560092,False,False,,0.7283415557761748,150,1.0001247484405196,1,True,1.0,0.7283415557761748,0.0,0.5
390,"labevents::50976::Protein, Total::valuenum","Protein, Total",labevents,50976,valuenum,lab_other,min,0.0008000831003300846,149,0.0185785536159601,14,135,1.1072384119033813,6.371428966522217,5.591851711273193,0.7795772552490234,0.21616374216969741,0.21616374216969741,0.7362433862433861,0.7362433862433861,0.22021218730825298,1.5740657238967817,0.047938522779602755,False,False,,0.7166403594535085,289,1.0001247078267914,2,True,2.0,0.7021830629157074,0.028914593075602135,0.5
282,labevents::50816::Oxygen::valuenum,Oxygen,labevents,50816,valuenum,lab_blood_gas_respiration,last,0.0018131753895431757,291,0.03628428927680798,77,214,856.6914672851562,71.87013244628906,58.18691635131836,13.683216094970703,0.2062220751409148,0.2062220751409148,0.6311142128899139,0.6311142128899139,0.3329947907131266,2.3802301439565734,0.07292647814972253,False,False,,0.7086854866255362,193,1.0001247138331604,1,True,3.0,0.6940013534347884,0.02936826638149548,0.5
307,chartevents::226536::Chloride (whole blood)::valuenum,Chloride (whole blood),chartevents,226536,valuenum,chart_other,mean,0.001724854577332735,240,0.029925187032418952,72,168,62.712440490722656,105.95254516601562,103.04612731933594,2.9064178466796875,0.1681862386438487,0.1681862386438487,0.624917328042328,0.624917328042328,0.3926998996887868,2.806999282980455,0.06456413326515476,False,False,,0.698800640934286,216,1.0001246868582006,1,True,4.0,0.6885635937523171,0.0204740943639377,0.5
417,labevents::50823::Required O2::valuenum,Required O2,labevents,50823,valuenum,lab_other,max,0.0006598088075406849,108,0.013466334164588529,37,71,176.9039764404297,84.67567443847656,89.50704193115234,4.831367492675781,-0.17238817501449089,0.17238817501449089,0.368290826037305,0.631709173962695,0.3091003931101452,2.209434182480717,0.15289481871903376,False,False,,0.6569785153689955,312,1.0001247444328947,2,True,5.0,0.639110555390009,0.035735919957973025,0.5
370,chartevents::225310::ART BP Diastolic::valuenum,ART BP Diastolic,chartevents,225310,valuenum,vital_blood_pressure,slope,0.010811513289809227,126,0.01571072319201995,25,101,4.83286190032959,1.472907304763794,0.05853159725666046,1.4143757075071335,0.2565799649039662,0.2565799649039662,0.5350495049504951,0.5350495049504951,0.37650883505451976,2.691266361084892,0.04557376398189783,False,False,,0.6514156782721751,273,1.000124721991194,1,True,6.0,0.6370621380048985,0.028707080534552964,0.5
165,labevents::50817::Oxygen Saturation::valuenum,Oxygen Saturation,labevents,50817,valuenum,lab_blood_gas_respiration,min,0.013424771837890148,1182,0.14738154613466334,198,984,426.1733093261719,80.99662780761719,70.32662200927734,10.670005798339844,0.19301197356672448,0.19301197356672448,0.6476015233637186,0.6476015233637186,0.2399911111922957,1.7154444846365522,0.03348908905188619,False,False,lower_may_indicate_worse_oxygenation,0.6309300863094415,91,1.0001246975546287,1,True,7.0,0.6207682111513342,0.02032375031621459,0.5
389,labevents::51447::Macrophages::valuenum,Macrophages,labevents,51447,valuenum,lab_blood_gas_respiration,min,0.0008000831003300846,151,0.018827930174563592,15,136,425.8789367675781,32.20000076293945,17.415441513061523,14.78455924987793,0.21429074627122188,0.21429074627122188,0.6183823529411764,0.6183823529411764,0.25760708955993394,1.8413626187795635,0.03663590185627652,False,False,,0.610743348937854,288,1.0001246684374925,1,True,8.0,0.6039304276995887,0.013625842476530535,0.5
350,"labevents::50884::Bilirubin, Indirect::valuenum","Bilirubin, Indirect",labevents,50884,valuenum,lab_liver_protein,min,0.0011118038091808558,195,0.024314214463840397,29,166,7.03924036026001,3.5620687007904053,1.8746988773345947,1.6873698234558105,0.2262902891916136,0.2262902891916136,0.5347943498130453,0.5347943498130453,0.3256968906533184,2.328065118573631,0.04308711840508184,False,False,,0.6046454868690493,256,1.0001247218947438,1,True,9.0,0.5987336137159008,0.011823746306296973,0.5
399,chartevents::220650::Total Protein::valuenum,Total Protein,chartevents,220650,valuenum,chart_other,min,0.000732543645426631,136,0.016957605985037406,10,126,1.1295135021209717,6.5,5.5523810386657715,0.9476189613342285,0.2327203612763717,0.2327203612763717,0.7726190476190475,0.7726190476190475,0.23756505774040765,1.6981031756489033,0.022400094296501694,False,False,,0.6611371851041774,289,1.000124687140964,2,True,10.0,0.6013521543416199,0.1195700615251149,0.5
162,chartevents::220274::PH (Venous)::valuenum,PH (Venous),chartevents,220274,valuenum,chart_other,slope,0.008904821239411831,106,0.013216957605985038,19,87,5.8164507208857685e-05,-0.002298312494531274,0.0020071351900696754,0.004305447684600949,-0.216530886140914,0.216530886140914,0.3297035692679976,0.6702964307320024,0.13300254636202655,0.9506955631225071,0.04093888020858105,False,False,lower_may_indicate_acidosis,0.5985049324715643,88,1.0001247027196434,1,True,11.0,0.5899472584822766,0.017115347978575494,0.5
416,labevents::50801::Alveolar-arterial Gradient::valuenum,Alveolar-arterial Gradient,labevents,50801,valuenum,lab_other,max,0.0006598088075406849,108,0.013466334164588529,37,71,9459.5849609375,506.70269775390625,540.4718017578125,33.76910400390625,-0.16477452879917429,0.16477452879917429,0.37438142367719834,0.6256185763228017,0.31553442746204474,2.2554243388998207,0.17298892375233565,False,False,,0.6464214925228604,312,1.0001247606764982,2,True,12.0,0.5912811056465909,0.11028077375253909,0.5
343,labevents::50952::Iron::valuenum,Iron,labevents,50952,valuenum,lab_other,mean,0.0010962177766487002,206,0.025685785536159602,23,183,3462.352783203125,86.26087188720703,53.07650375366211,33.18436813354492,0.17761110689648038,0.17761110689648038,0.6116654787360418,0.6116654787360418,0.2522653032523512,1.8031797968661825,0.03739508628364141,False,False,,0.5774613048628047,250,1.0001246779263517,1,True,13.0,0.5709509600604711,0.013020689604667275,0.5
2,chartevents::220277::O2 saturation pulseoxymetry::valuenum,O2 saturation pulseoxymetry,chartevents,220277,valuenum,vital_oxygen_saturation,observed_fraction,0.6085723042488098,8020,1.0,1122,6898,0.14506080746650696,0.46557486057281494,0.631831705570221,0.166256844997406,-0.15142168675821602,0.15142168675821602,0.3811324577275492,0.6188675422724508,0.1161479389801274,0.8302196707848679,0.025839324125772833,False,False,lower_may_indicate_worse_oxygenation,0.5810740872084549,1,1.0001247673678544,5,True,14.0,0.5662486834531567,0.02965080751059645,0.5
238,"labevents::50806::Chloride, Whole Blood::valuenum","Chloride, Whole Blood",labevents,50806,valuenum,lab_electrolyte,min,0.0037302577402442694,455,0.05673316708229426,109,346,48.91470718383789,104.53211212158203,102.66907501220703,1.863037109375,0.11369494842099254,0.11369494842099254,0.5904040939704089,0.5904040939704089,0.33364530794701186,2.384880008676502,0.050900210844646576,False,False,,0.5725855358740833,156,1.000124707119618,1,True,15.0,0.5405634524470713,0.06404416685402411,0.5
223,"labevents::51214::Fibrinogen, Functional::valuenum","Fibrinogen, Functional",labevents,51214,valuenum,lab_coagulation,mean,0.0040939319878816605,547,0.06820448877805486,130,417,39693.86328125,277.5695495605469,341.9222412109375,64.35269165039062,-0.13748568243528267,0.13748568243528267,0.3827153661686036,0.6172846338313964,0.20417063950505693,1.4594015408471985,0.07604630351976138,False,False,,0.5482159860455076,144,1.0001246727572894,2,True,16.0,0.5374460809321496,0.021539810226716017,0.5
0,chartevents::220045::Heart Rate::valuenum,Heart Rate,chartevents,220045,valuenum,vital_heart_rate,observed_fraction,0.6215710639953613,8020,1.0,1122,6898,0.14815472066402435,0.47218504548072815,0.6458695530891418,0.1736845076084137,-0.15652616637959632,0.15652616637959632,0.3798603563305182,0.6201396436694818,0.11614675420228315,0.8302112020519705,0.023388759126659275,False,False,higher_may_indicate_physiologic_stress,0.581119967127723,1,1.0001247169415124,5,True,17.0,0.5371235542747871,0.08799282570587172,0.5
229,chartevents::227468::Fibrinogen::valuenum,Fibrinogen,chartevents,227468,valuenum,chart_other,last,0.0035380299668759108,494,0.061596009975062344,120,374,40058.3671875,275.7749938964844,341.2312927246094,65.456298828125,-0.1402504292300297,0.1402504292300297,0.3867647058823529,0.6132352941176471,0.20564554284967151,1.4699440763407894,0.07555343696374428,False,False,,0.5480942424911027,144,1.0001247219436995,2,True,18.0,0.5099672755997866,0.0762539337826322,0.5
1,chartevents::220210::Respiratory Rate::valuenum,Respiratory Rate,chartevents,220210,valuenum,vital_respiratory_rate,observed_fraction,0.6187240481376648,8020,1.0,1122,6898,0.14790627360343933,0.47181373834609985,0.642619788646698,0.17080605030059814,-0.15406137051691468,0.15406137051691468,0.3821312876345878,0.6178687123654122,0.11691838641401073,0.8357267905885616,0.024120538959802484,False,False,higher_may_indicate_respiratory_distress,0.578877199133594,1,1.000124704240326,5,True,19.0,0.5122847493141686,0.133184899638851,0.5
150,chartevents::220224::Arterial O2 pressure::valuenum,Arterial O2 pressure,chartevents,220224,valuenum,chart_other,slope,0.012105153873562813,239,0.029800498753117206,62,177,472.9256591796875,0.9331085681915283,-6.086362838745117,7.0194714069366455,0.14147917116503156,0.14147917116503156,0.6024694733005286,0.6024694733005286,0.36975383755351776,2.642981976095555,0.00878799052518242,False,False,,0.5205222159290971,80,1.0001247138021867,1,True,20.0,0.5106946410465756,0.01965514976504309,0.5
368,chartevents::220624::HDL::valuenum,HDL,chartevents,220624,valuenum,chart_other,last,0.0009039900032803416,172,0.02144638403990025,24,148,400.25018310546875,36.95833206176758,45.50675582885742,8.548423767089844,-0.14805675966635023,0.14805675966635023,0.36036036036036034,0.6396396396396397,0.11604202211381026,0.8294625823108364,0.05112127161027025,False,False,,0.5189531715611563,264,1.0001246845569938,2,True,21.0,0.5097320127880559,0.018442317546200838,0.5
285,labevents::50963::NTproBNP::valuenum,NTproBNP,labevents,50963,valuenum,lab_other,max,0.0014702826738357544,279,0.03478802992518703,38,241,138649440.0,14647.60546875,8712.00390625,5935.6015625,0.17290269755266624,0.17290269755266624,0.5668814151561476,0.5668814151561476,0.2393798135303472,1.7110749594593446,0.027270142650706042,False,False,,0.49898259763916886,195,1.000124700165627,1,True,22.0,0.4922014879213932,0.01356221943555133,0.5
10,chartevents::220181::Non Invasive Blood Pressure mean::valuenum,Non Invasive Blood Pressure mean,chartevents,220181,valuenum,vital_blood_pressure,observed_fraction,0.517149806022644,8020,1.0,1122,6898,0.15177644789218903,0.3736630976200104,0.5404887795448303,0.16682568192481995,-0.14854033237485523,0.14854033237485523,0.3743649506509159,0.6256350493490841,0.11391673446468681,0.8142711322698648,0.017974391157045355,False,False,low_or_high_may_indicate_instability,0.5579625561081278,6,1.0001247002748594,3,True,23.0,0.49319688585822136,0.12953134049981294,0.5
100,chartevents::225668::Lactic Acid::valuenum,Lactic Acid,chartevents,225668,valuenum,chart_other,last,0.025519534945487976,2706,0.3374064837905237,464,2242,2.2430272102355957,2.4582974910736084,1.8561360836029053,0.6021614074707031,0.1515460808854554,0.1515460808854554,0.5829347257682488,0.5829347257682488,0.25321970062169924,1.810001781627476,0.010291875172550702,False,False,,0.49674967236590045,37,1.0001247000146452,2,True,24.0,0.4758936715071347,0.04171200171753149,0.5
308,labevents::50924::Ferritin::valuenum,Ferritin,labevents,50924,valuenum,lab_other,min,0.0012468828354030848,236,0.02942643391521197,35,201,53676192.0,3156.05712890625,2027.7867431640625,1128.2703857421875,0.054732144195475764,0.054732144195475764,0.648542999289268,0.648542999289268,0.23647333010295274,1.6902995609854554,0.08195112999643506,False,False,,0.48229740265147125,217,1.0001246820449743,1,True,25.0,0.47440562984647555,0.015783545609991425,0.5
11,chartevents::220179::Non Invasive Blood Pressure systolic::valuenum,Non Invasive Blood Pressure systolic,chartevents,220179,valuenum,vital_blood_pressure,observed_fraction,0.5168640613555908,8020,1.0,1122,6898,0.15171410143375397,0.3732546269893646,0.5402230024337769,0.16696837544441223,-0.14869796238156122,0.14869796238156122,0.3744440249544031,0.6255559750455969,0.11389636552836883,0.8141255361296953,0.016434657257576868,False,False,low_or_high_may_indicate_instability,0.5534649994636343,6,1.0001246654418612,3,True,26.0,0.4753738552624698,0.15618228840232892,0.5
96,"labevents::50885::Bilirubin, Total::valuenum","Bilirubin, Total",labevents,50885,valuenum,lab_liver_protein,max,0.018344763666391373,2822,0.3518703241895262,422,2400,31.977144241333008,4.608767509460449,2.256458282470703,2.352309226989746,0.1483472296559921,0.1483472296559921,0.5824096563981043,0.5824096563981043,0.22849635336227256,1.63328052938095,0.016053533168423284,False,False,,0.4891608685608332,44,1.000124688058837,2,True,27.0,0.46948371258892574,0.03935431194381484,0.5
69,chartevents::223834::O2 Flow::valuenum,O2 Flow,chartevents,223834,valuenum,chart_other,last,0.11723295599222183,5548,0.6917705735660847,698,4850,54.071815490722656,7.836198329925537,5.627319812774658,2.208878517150879,0.09962047500139144,0.09962047500139144,0.6319408915014918,0.6319408915014918,0.1824724704936082,1.3043041117279304,0.00702148575525241,False,False,,0.4790118308859593,27,1.0001247158166402,1,True,28.0,0.4617879876971957,0.03444768637752714,0.5
12,chartevents::220180::Non Invasive Blood Pressure diastolic::valuenum,Non Invasive Blood Pressure diastolic,chartevents,220180,valuenum,vital_blood_pressure,observed_fraction,0.5167913436889648,8020,1.0,1122,6898,0.1516684740781784,0.3732546269893646,0.5401384234428406,0.16688379645347595,-0.14864499520779037,0.14864499520779037,0.3744515835275305,0.6255484164724695,0.11388260438308552,0.814027172150041,0.0161431571166768,False,False,low_or_high_may_indicate_instability,0.552510046216914,6,1.000124701355621,3,True,29.0,0.46295440535361054,0.179111281726607,0.5
195,labevents::50811::Hemoglobin::valuenum,Hemoglobin,labevents,50811,valuenum,lab_cbc,slope,0.008790523745119572,253,0.03154613466334165,33,220,0.07181421667337418,-0.15593981742858887,-0.045770272612571716,0.11016954481601715,-0.13845356620320437,0.13845356620320437,0.36652892561983474,0.6334710743801653,0.15170915263708457,1.0844094511135636,0.031200911995724168,False,False,,0.4757591447162275,116,1.0001247217993032,2,True,30.0,0.4612523153384992,0.029013658755456587,0.5
276,chartevents::225672::Lipase::valuenum,Lipase,chartevents,225672,valuenum,chart_other,max,0.0018027847399935126,316,0.03940149625935162,52,264,495412.09375,47.11538314819336,245.56439208984375,198.4490089416504,-0.10453992781294469,0.10453992781294469,0.3735795454545454,0.6264204545454546,0.12558269702561625,0.8976588503970075,0.05215483350716155,False,False,,0.46235911196822377,166,1.0001247557968347,2,True,31.0,0.45917828833025975,0.006361647275928023,0.5
360,"labevents::50904::Cholesterol, HDL::valuenum","Cholesterol, HDL",labevents,50904,valuenum,lab_other,last,0.0009507481008768082,181,0.02256857855361596,24,157,394.5704040527344,36.95833206176758,45.649681091308594,8.691349029541016,-0.1483890147687402,0.1483890147687402,0.3581475583864119,0.6418524416135881,0.10926833445702167,0.7810446010207788,0.03689698812176001,False,False,,0.4779538421583791,264,1.0001247184235509,2,True,32.0,0.45446068081524155,0.04698632268627509,0.5
287,chartevents::229356::Differential - Immature Granulocytes::valuenum,Differential - Immature Granulocytes,chartevents,229356,valuenum,chart_other,max,0.0015118453884497285,277,0.034538653366583544,31,246,0.171925351023674,0.8999999165534973,0.767479658126831,0.13252025842666626,0.10075837182870968,0.10075837182870968,0.5933648046157881,0.5933648046157881,0.1940348846438057,1.3869516709833527,0.044161314252135986,False,False,,0.453668767875313,197,1.0001247142167435,1,True,33.0,0.4476185530298181,0.012100429690989761,0.5
419,chartevents::224169::MDI #1 Puff::valuenum,MDI #1 Puff,chartevents,224169,valuenum,chart_other,min,0.000680590164847672,105,0.013092269326683292,13,92,5.857052803039551,3.384615421295166,2.11956524848938,1.2650501728057861,0.17216485197691678,0.17216485197691678,0.6183110367892976,0.6183110367892976,0.23424908424908425,1.6744007626360569,0.0,False,False,,0.4513781083864381,314,1.0001247087389853,1,True,34.0,0.4449175775925703,0.012921061587735686,0.5
8,chartevents::223761::Temperature Fahrenheit::valuenum,Temperature Fahrenheit,chartevents,223761,valuenum,vital_temperature,observed_fraction,0.16766417026519775,8020,1.0,1122,6898,0.012005879543721676,0.13621510565280914,0.17277954518795013,0.03656443953514099,-0.11575660714009192,0.11575660714009192,0.39399017204604503,0.606009827953955,0.12422686847614836,0.8879674555959981,0.01733740154904373,False,False,,0.5055131139017432,4,1.0001246602610296,1,True,35.0,0.4297307199094994,0.1515647879844877,0.5
55,chartevents::225624::BUN::valuenum,BUN,chartevents,225624,valuenum,chart_other,slope,0.054182253777980804,776,0.09675810473815462,79,697,5661525.0,-839.5095825195312,-0.08594843745231628,839.4236340820789,-0.1066799300579989,0.1066799300579989,0.5591050251530065,0.5591050251530065,0.1398463447615207,0.9996146925021355,0.037938986104554484,False,False,,0.4374279258575607,21,1.0001248651012655,1,True,36.0,0.4281831629424043,0.018489525830312725,0.5
83,labevents::50813::Lactate::valuenum,Lactate,labevents,50813,valuenum,lab_metabolic,last,0.031234413385391235,3207,0.39987531172069823,555,2652,2.254678726196289,2.3880481719970703,1.8640484809875488,0.5239996910095215,0.13201486732149162,0.13201486732149162,0.5732124658595248,0.5732124658595248,0.24174082808242253,1.7279513736372807,0.007772456377892034,False,False,higher_may_indicate_shock_or_stress,0.46212381833372823,37,1.0001247109228895,2,True,37.0,0.4286976623569765,0.06685231195350351,0.5
198,labevents::50809::Glucose::valuenum,Glucose,labevents,50809,valuenum,lab_metabolic,mean,0.006068163085728884,739,0.09214463840399002,175,564,3446.48095703125,151.0790252685547,142.99708557128906,8.081939697265625,0.058524937624779,0.058524937624779,0.5437183383991895,0.5437183383991895,0.27303521341883297,1.9516420780918364,0.057121499236552964,False,False,,0.43605030951743956,119,1.000124749499103,1,True,38.0,0.4262346751639191,0.019631268707040878,0.5
106,chartevents::225690::Total Bilirubin::valuenum,Total Bilirubin,chartevents,225690,valuenum,chart_other,max,0.015534081496298313,2507,0.3125935162094763,356,2151,31.43994903564453,4.613763809204102,2.2748255729675293,2.3389382362365723,0.14560246749113806,0.14560246749113806,0.5763356735043539,0.5763356735043539,0.21907486751594563,1.5659362187859929,0.012364897150144216,False,False,,0.457454432633917,44,1.0001247068656112,2,True,39.0,0.42500656868443043,0.06489572789897312,0.5
365,chartevents::225312::ART BP Mean::valuenum,ART BP Mean,chartevents,225312,valuenum,vital_blood_pressure,slope,0.010915420018136501,128,0.01596009975062344,26,102,47.17055892944336,-1.9757052659988403,-0.12100446969270706,1.8547007963061333,-0.10864634327315094,0.10864634327315094,0.44720965309200605,0.552790346907994,0.2762426945290568,1.9745689929795327,0.024402681399599224,False,False,,0.4283070968914581,269,1.0001248160693659,1,True,40.0,0.4217445110070055,0.013125171768905161,0.5
349,"labevents::50907::Cholesterol, Total::valuenum","Cholesterol, Total",labevents,50907,valuenum,lab_other,max,0.0010390690295025706,198,0.024688279301745636,27,171,5421.896484375,134.6666717529297,159.5614013671875,24.894729614257812,-0.11602369084045172,0.11602369084045172,0.41163092917478883,0.5883690708252112,0.1258824628531331,0.8998015615705236,0.0473140720416414,False,False,,0.43615844675954524,255,1.0001246860676642,1,True,41.0,0.42006496868459636,0.03218695614989775,0.5
90,labevents::50802::Base Excess::valuenum,Base Excess,labevents,50802,valuenum,lab_blood_gas_respiration,observed_fraction,0.027182044461369514,8020,1.0,1122,6898,0.002316865138709545,0.03891859948635101,0.025273026898503304,0.01364557258784771,0.09833882496691276,0.09833882496691276,0.5834726178090837,0.5834726178090837,0.17143728612481773,1.2254251646355065,0.00772898579740211,False,False,,0.44218939102910926,40,1.0001247127192234,5,True,42.0,0.41725776453419916,0.0498632529898202,0.5
320,labevents::50935::Haptoglobin::valuenum,Haptoglobin,labevents,50935,valuenum,lab_coagulation,max,0.0012624688679352403,233,0.029052369077306732,30,203,17424.689453125,138.63333129882812,181.56649780273438,42.93316650390625,-0.10893392417246996,0.10893392417246996,0.41108374384236446,0.5889162561576355,0.11064361962951796,0.7908750707920982,0.055716792379260305,False,False,,0.4273743718167033,228,1.000124698538835,1,True,43.0,0.41647768560747134,0.02179337241846386,0.5
139,chartevents::220632::LDH::valuenum,LDH,chartevents,220632,valuenum,chart_other,last,0.009336034767329693,1569,0.1956359102244389,203,1366,1843375.5,821.0763549804688,495.35211181640625,325.7242431640625,0.08051811243489775,0.08051811243489775,0.6117155551067806,0.6117155551067806,0.18718274595474532,1.337972925630176,0.03318721184863427,False,False,,0.42997908976723764,68,1.0001247079734554,2,True,44.0,0.4113348100120677,0.03728855951033995,0.5
95,labevents::50818::pCO2::valuenum,pCO2,labevents,50818,valuenum,lab_blood_gas_respiration,observed_fraction,0.027150873094797134,8020,1.0,1122,6898,0.0023172602523118258,0.03884432464838028,0.02524886280298233,0.01359546184539795,0.09796934849599183,0.09796934849599183,0.5829418380072449,0.5829418380072449,0.1712515317492463,1.224097401630085,0.0075636258543927415,False,False,higher_may_indicate_hypercapnia,0.4406650234862681,40,1.0001246860136264,5,True,45.0,0.4055468162544727,0.0702364144635909,0.5
357,chartevents::220603::Cholesterol::valuenum,Cholesterol,chartevents,220603,valuenum,chart_other,min,0.0009663341916166246,184,0.022942643391521196,27,157,4231.42578125,133.6666717529297,152.99363708496094,19.32696533203125,-0.1051318079670811,0.1051318079670811,0.4267515923566879,0.5732484076433121,0.14396154609704712,1.0290299462551853,0.05350080012802594,False,False,,0.4290265801255353,262,1.0001247378680997,1,True,46.0,0.40319125684592205,0.05167064655922652,0.5
194,"labevents::50810::Hematocrit, Calculated::valuenum","Hematocrit, Calculated",labevents,50810,valuenum,lab_cbc,slope,0.008790523745119572,253,0.03154613466334165,33,220,0.6365951895713806,-0.4665278196334839,-0.14335103332996368,0.3231767863035202,-0.13641316587833346,0.13641316587833346,0.3822314049586777,0.6177685950413223,0.1520343252816105,1.0867337689469843,0.019378322742499954,False,False,,0.42537258623217694,116,1.0001246858323731,2,True,47.0,0.4008934047649801,0.04895836293439368,0.5
217,labevents::51144::Bands::valuenum,Bands,labevents,51144,valuenum,lab_other,last,0.003325020894408226,554,0.06907730673316709,107,447,48.0339241027832,5.915887832641602,3.8210291862487793,2.0948586463928223,0.11932091739826693,0.11932091739826693,0.6042463777206297,0.6042463777206297,0.25613430898860545,1.8308352567634723,0.008727976554492756,False,False,,0.42153453488583004,138,1.0001246786316675,1,True,48.0,0.40002110964581333,0.04302685048003338,0.5
369,chartevents::225309::ART BP Systolic::valuenum,ART BP Systolic,chartevents,225309,valuenum,vital_blood_pressure,min,0.010821903124451637,171,0.021321695760598502,35,136,510.8867492675781,101.42244720458984,98.80036163330078,2.6220855712890625,0.04680488760902064,0.04680488760902064,0.5358193277310924,0.5358193277310924,0.26095423050626976,1.865287815205244,0.056225538905439576,False,False,,0.4055562956637649,272,1.0001247081347227,1,True,49.0,0.3989122908078836,0.013288009711762583,0.5
152,chartevents::224828::Arterial Base Excess::valuenum,Arterial Base Excess,chartevents,224828,valuenum,chart_other,last,0.012105153873562813,1405,0.17518703241895262,324,1081,29.404216766357422,-1.4938271045684814,-0.0337650328874588,1.4600620716810226,-0.11341632165010627,0.11341632165010627,0.4244997772981122,0.5755002227018877,0.2156236544316442,1.5412671199124657,0.020662020031687378,False,False,,0.42221942409403534,81,1.0001246966649175,1,True,50.0,0.39804560456388327,0.0483476390603041,0.5
92,labevents::50821::pO2::valuenum,pO2,labevents,50821,valuenum,lab_blood_gas_respiration,observed_fraction,0.027171654626727104,8020,1.0,1122,6898,0.002317862818017602,0.03884432464838028,0.025273025035858154,0.013571299612522125,0.09778251997593136,0.09778251997593136,0.5827586233628905,0.5827586233628905,0.17116986266661166,1.2235136351035878,0.0076476758937231715,False,False,lower_may_indicate_worse_oxygenation,0.4405092005600889,40,1.0001246756861615,5,True,51.0,0.39674254384414115,0.08753331343189555,0.5
94,labevents::50804::Calculated Total CO2::valuenum,Calculated Total CO2,labevents,50804,valuenum,lab_blood_gas_respiration,observed_fraction,0.027150873094797134,8020,1.0,1122,6898,0.002313796430826187,0.03884432464838028,0.02524886280298233,0.01359546184539795,0.09804264708263383,0.09804264708263383,0.5828844703753031,0.5828844703753031,0.17123135406152995,1.2239531725253745,0.00744756142706704,False,False,,0.4403505402399809,40,1.0001246884870958,5,True,52.0,0.38763200352097443,0.10543707343801287,0.5
61,chartevents::220635::Magnesium::valuenum,Magnesium,chartevents,220635,valuenum,chart_other,observed_fraction,0.0523950532078743,8020,1.0,1122,6898,0.0016476389719173312,0.042595066130161285,0.05398908257484436,0.011394016444683075,-0.0973709156280076,0.0973709156280076,0.41556976911853855,0.5844302308814615,0.12263212606367822,0.8765683164266483,0.008613453786707304,False,False,,0.4381455503025213,9,1.0001247260759678,19,True,53.0,0.3850557337100039,0.10617963318503479,0.5
109,labevents::52172::RDW-SD::valuenum,RDW-SD,labevents,52172,valuenum,lab_other,max,0.020417705178260803,2449,0.3053615960099751,294,2155,89.89143371582031,55.229591369628906,52.43596267700195,2.793628692626953,0.09576748807687797,0.09576748807687797,0.5598647347570119,0.5598647347570119,0.17317274076326217,1.2378301077730505,0.02682825399369637,False,False,,0.40219228364314197,49,1.0001246920564697,1,True,54.0,0.3842466095115636,0.03589134826315675,0.5
246,chartevents::229357::Absolute Count - Neuts::valuenum,Absolute Count - Neuts,chartevents,229357,valuenum,chart_other,min,0.0024106400087475777,428,0.05336658354114713,63,365,75.71248626708984,12.86047649383545,10.412274360656738,2.448202133178711,0.09968652845537075,0.09968652845537075,0.5972167862578821,0.5972167862578821,0.20429613441119268,1.4602985721726964,0.020402658772401994,False,False,,0.39302841193664545,131,1.000124681356912,2,True,55.0,0.3834388267488282,0.019179170375634578,0.5
332,labevents::51455::Polys::valuenum,Polys,labevents,51455,valuenum,lab_other,max,0.0011169991921633482,209,0.026059850374064837,16,193,998.37939453125,36.75,47.663211822509766,10.913211822509766,-0.09183265882174556,0.09183265882174556,0.400259067357513,0.599740932642487,0.06940884213848214,0.49613093934993474,0.04918959617963381,False,False,,0.3872195873554707,240,1.0001246979935448,1,True,56.0,0.3783008587458196,0.017837457219302157,0.5
131,labevents::50954::Lactate Dehydrogenase (LD)::valuenum,Lactate Dehydrogenase (LD),labevents,50954,valuenum,lab_metabolic,last,0.010567331686615944,1729,0.21558603491271822,240,1489,1698701.125,747.8270874023438,489.0362548828125,258.79083251953125,0.06865123298545615,0.06865123298545615,0.595149149317215,0.595149149317215,0.18803709483272882,1.3440797687687034,0.031668720789858495,False,False,higher_may_indicate_shock_or_stress,0.4010721056304474,68,1.0001246693875323,2,True,57.0,0.3740224540049931,0.05409930325090852,0.5
87,labevents::50820::pH::valuenum,pH,labevents,50820,valuenum,lab_blood_gas_respiration,observed_fraction,0.030823981389403343,8020,1.0,1122,6898,0.002617135876789689,0.04226084426045418,0.028963709250092506,0.013297135010361671,0.09016304711698757,0.09016304711698757,0.5762936530209226,0.5762936530209226,0.1680852833618261,1.201465216187028,0.00793214856598845,False,False,lower_may_indicate_acidosis,0.4284812597492602,40,1.0001247086768528,5,True,58.0,0.3696984775075693,0.11756556448338186,0.5
263,labevents::52135::Immature Granulocytes::valuenum,Immature Granulocytes,labevents,52135,valuenum,lab_other,last,0.002176849637180567,385,0.04800498753117207,52,333,0.16686362028121948,0.8711537718772888,0.7477477788925171,0.12340599298477173,0.10325684439012703,0.10325684439012703,0.6065777315777316,0.6065777315777316,0.18879039271590706,1.3494643044399062,0.01689255320069938,False,False,,0.38444360744556555,176,1.000124736842709,1,True,59.0,0.3682010402492998,0.03248513439253149,0.5
62,chartevents::225677::Phosphorous::valuenum,Phosphorous,chartevents,225677,valuenum,chart_other,observed_fraction,0.05114297568798065,8020,1.0,1122,6898,0.0015826679300516844,0.0417780764400959,0.052666231989860535,0.010888155549764633,-0.0949386736839153,0.0949386736839153,0.4191504654788983,0.5808495345211018,0.12303138525658595,0.8794222012101778,0.006707180043345806,False,False,,0.42675969328599445,9,1.0001246822590342,19,True,60.0,0.3672279858723907,0.11906341482720749,0.5
32,labevents::51250::MCV::valuenum,MCV,labevents,51250,valuenum,lab_other,slope,0.055304449051618576,773,0.09638403990024938,108,665,0.04301421716809273,0.0035655556712299585,-0.032647378742694855,0.03621293441392481,0.06053421015525346,0.06053421015525346,0.5634015594541911,0.5634015594541911,0.20183221085876327,1.4426865695965077,0.02288838459677134,False,False,,0.3749164488374676,16,1.0001247061511649,1,True,61.0,0.36566711797528834,0.018498661724358538,0.5
401,labevents::51007::Uric Acid::valuenum,Uric Acid,labevents,51007,valuenum,lab_other,min,0.0009559434838593006,130,0.016209476309226933,27,103,16.362632751464844,7.09999942779541,7.749514579772949,0.6495151519775391,-0.06513575132496738,0.06513575132496738,0.47482919813016905,0.5251708018698309,0.19385761381873992,1.3856845479735242,0.05103494744173931,False,False,,0.36960693409798295,298,1.0001246836594877,2,True,62.0,0.36176046106205817,0.015692946071849595,0.5
56,chartevents::220621::Glucose (serum)::valuenum,Glucose (serum),chartevents,220621,valuenum,bedside_glucose,observed_fraction,0.0536523275077343,8020,1.0,1122,6898,0.0016757971607148647,0.043857693672180176,0.055245477706193924,0.011387784034013748,-0.09649666257385309,0.09649666257385309,0.4176029606866337,0.5823970393133663,0.1225036631256206,0.8756500697571098,0.005293760631790656,False,False,,0.4253905807098071,9,1.0001246581208965,19,True,63.0,0.36037312749288963,0.13003490643383495,0.5
157,chartevents::220051::Arterial Blood Pressure diastolic::valuenum,Arterial Blood Pressure diastolic,chartevents,220051,valuenum,vital_blood_pressure,max,0.09489817172288895,1339,0.1669576059850374,231,1108,307.4720458984375,70.43729400634766,72.80835723876953,2.371063232421875,-0.05108997267371134,0.05108997267371134,0.44687202087924105,0.553127979120759,0.16368745397193357,1.1700297512075823,0.032703909963925915,False,False,low_or_high_may_indicate_instability,0.36867481889632636,85,1.000124726989745,1,True,64.0,0.3567718019789905,0.023806033834671773,0.5
147,chartevents::223830::PH (Arterial)::valuenum,PH (Arterial),chartevents,223830,valuenum,chart_other,observed_fraction,0.01256753969937563,8020,1.0,1122,6898,0.0011735806474462152,0.02113042213022709,0.01117473840713501,0.00995568372309208,0.10080877957186413,0.10080877957186413,0.5662319001245033,0.5662319001245033,0.16833357778779343,1.2032400123512508,0.004821502295001778,False,False,lower_may_indicate_acidosis,0.4062985421780847,78,1.0001246610746042,3,True,65.0,0.3539977112679063,0.10460166182035684,0.5
93,labevents::50861::Alanine Aminotransferase (ALT)::valuenum,Alanine Aminotransferase (ALT),labevents,50861,valuenum,lab_other,slope,0.018355153501033783,100,0.012468827930174564,17,83,1822.0596923828125,-10.237637519836426,4.657191276550293,14.894828796386719,-0.13107435305527643,0.13107435305527643,0.5251594613749114,0.5251594613749114,0.18945422695359695,1.354209358438367,0.01562730031343129,False,False,,0.36330522752323363,43,1.0001246902554224,2,True,66.0,0.35385479530959285,0.018900864427281505,0.5
57,chartevents::227443::HCO3 (serum)::valuenum,HCO3 (serum),chartevents,227443,valuenum,chart_other,observed_fraction,0.05384974926710129,8020,1.0,1122,6898,0.001675355015322566,0.04408051073551178,0.055438779294490814,0.011358268558979034,-0.09625918361501284,0.09625918361501284,0.41691991116803084,0.5830800888319692,0.12256938011777375,0.8761198115370281,0.0048710620734058185,False,False,,0.42441122109931123,9,1.000124745338333,19,True,67.0,0.3533991554088391,0.14202413138094427,0.5
216,chartevents::226537::Glucose (whole blood)::valuenum,Glucose (whole blood),chartevents,226537,valuenum,bedside_glucose,last_minus_first,0.004041978158056736,562,0.07007481296758104,139,423,675.7049560546875,2.4928057193756104,-3.255319118499756,5.748124837875366,0.0954089041135851,0.0954089041135851,0.5671802983145398,0.5671802983145398,0.2931466849133481,2.0953978725535225,0.0008447231066464056,False,False,,0.36120548694782745,137,1.0001247017405983,1,True,68.0,0.35205230540182786,0.01830636309199913,0.5
72,labevents::51274::PT::valuenum,PT,labevents,51274,valuenum,lab_coagulation,max,0.0370635911822319,5112,0.6374064837905237,675,4437,126.27538299560547,20.110445022583008,17.87560272216797,2.234842300415039,0.06732760200789575,0.06732760200789575,0.5676274426330772,0.5676274426330772,0.16425762339701006,1.1741052938003749,0.012392492858788184,False,False,,0.37408528257067813,29,1.000124713378248,2,True,69.0,0.34894263721369134,0.05028529071397358,0.5
153,chartevents::225698::TCO2 (calc) Arterial::valuenum,TCO2 (calc) Arterial,chartevents,225698,valuenum,chart_other,observed_fraction,0.012099958024919033,8020,1.0,1122,6898,0.001110648037865758,0.020499108359217644,0.010733787901699543,0.0097653204575181,0.10164405102565409,0.10164405102565409,0.5663039326803759,0.5663039326803759,0.1684546360454024,1.2041053307345162,0.004419862363058247,False,False,,0.40579986593500517,78,1.0001247064498642,3,True,70.0,0.34797736065107115,0.11564501056786806,0.5
361,labevents::50903::Cholesterol Ratio (Total/HDL)::valuenum,Cholesterol Ratio (Total/HDL),labevents,50903,valuenum,lab_other,last_minus_first,0.0009455527761019766,180,0.022443890274314215,24,156,0.005554317496716976,0.03333333507180214,-0.0038461501244455576,0.0371794851962477,0.16958343955897043,0.16958343955897043,0.5239049145299145,0.5239049145299145,0.1701582867783985,1.2162829411432763,0.006096971325954437,False,False,,0.353940998615981,265,1.0001246436047928,1,True,71.0,0.3465495224366267,0.014782952358708681,0.5
58,chartevents::227073::Anion gap::valuenum,Anion gap,chartevents,227073,valuenum,chart_other,observed_fraction,0.0538133829832077,8020,1.0,1122,6898,0.0016729928320273757,0.044154781848192215,0.05538440868258476,0.011229626834392548,-0.09523618574947464,0.09523618574947464,0.41748027923048814,0.5825197207695119,0.12273000891904944,0.877267978191423,0.005101999950179126,False,False,,0.4234726735022754,9,1.0001247158601658,19,True,72.0,0.34724394714408885,0.15245745271637312,0.5
262,chartevents::223762::Temperature Celsius::valuenum,Temperature Celsius,chartevents,223762,valuenum,vital_temperature,mean,0.02797173708677292,386,0.04812967581047382,36,350,25.183975219726562,36.14360046386719,37.25229263305664,1.1086921691894531,-0.0642459872221716,0.0642459872221716,0.384047619047619,0.615952380952381,0.08314641919107803,0.5943264544674205,0.031017283537183138,False,False,,0.3484331486079407,175,1.0001247281523393,1,True,73.0,0.34526456973808245,0.006337157739716562,0.5
275,labevents::50815::O2 Flow::valuenum,O2 Flow,labevents,50815,valuenum,lab_other,max,0.0019482544157654047,318,0.03965087281795511,74,244,137.81240844726562,8.939188957214355,6.383196830749512,2.5559921264648438,0.0920023798061003,0.0920023798061003,0.5538602126716882,0.5538602126716882,0.28391852662966827,2.029435457727219,0.006488371443476693,False,False,,0.35258922240023516,188,1.0001246829227806,1,True,74.0,0.3448106727522519,0.015557099295966463,0.5
65,chartevents::225625::Calcium non-ionized::valuenum,Calcium non-ionized,chartevents,225625,valuenum,chart_other,observed_fraction,0.05104945972561836,8020,1.0,1122,6898,0.001580101903527975,0.04196375608444214,0.052527301013469696,0.010563544929027557,-0.09218301324041377,0.09218301324041377,0.4209523776299312,0.5790476223700688,0.1234952314560824,0.8827377506932094,0.006279944651284675,False,False,,0.42086817762486034,9,1.0001247011884502,19,True,75.0,0.3425244618978314,0.1566874314540578,0.5
151,chartevents::220235::Arterial CO2 Pressure::valuenum,Arterial CO2 Pressure,chartevents,220235,valuenum,chart_other,observed_fraction,0.012105153873562813,8020,1.0,1122,6898,0.0011142021976411343,0.020499108359217644,0.010739827528595924,0.00975928083062172,0.101419028202786,0.101419028202786,0.5663039326803759,0.5663039326803759,0.1684546360454024,1.2041053307345162,0.004419862363058247,False,False,,0.4055237832550638,78,1.000124693319764,3,True,76.0,0.3417281465265316,0.12759127345706434,0.5
71,labevents::51237::INR(PT)::valuenum,INR(PT),labevents,51237,valuenum,lab_coagulation,last,0.0370635911822319,5112,0.6374064837905237,675,4437,0.8421120643615723,1.7856297492980957,1.5834189653396606,0.20221078395843506,0.07459759788864277,0.07459759788864277,0.5634955216654564,0.5634955216654564,0.16423193107846829,1.1739216463897644,0.009634667697259403,False,False,,0.37157846121204474,29,1.000124685589255,2,True,77.0,0.34152688482504046,0.06010315277400855,0.5
24,labevents::51006::Urea Nitrogen::valuenum,Urea Nitrogen,labevents,51006,valuenum,lab_renal,slope,0.06319617480039597,1107,0.13802992518703242,140,967,0.31945955753326416,0.06548183411359787,-0.0642479732632637,0.12972980737686157,0.07628891712750838,0.07628891712750838,0.5649024966760231,0.5649024966760231,0.1693183846945844,1.2102793629684199,0.013080838893402946,False,False,,0.3511852665298177,10,1.000124703699644,1,True,78.0,0.34055173095379404,0.021267071152047283,0.5
75,chartevents::227467::INR::valuenum,INR,chartevents,227467,valuenum,chart_other,slope,0.03226828947663307,277,0.034538653366583544,44,233,860176.875,-0.014726445078849792,66.34954071044922,66.36426715552807,-0.026155619435571507,0.026155619435571507,0.41426063207179087,0.5857393679282091,0.1514526393221281,1.0825759067410583,0.03815695848596623,False,False,,0.34169370780331,31,1.0001246430834327,2,True,79.0,0.3405171256281202,0.002353164350379581,0.5
342,"labevents::50883::Bilirubin, Direct::valuenum","Bilirubin, Direct",labevents,50883,valuenum,lab_liver_protein,mean,0.0012053200043737888,206,0.025685785536159602,30,176,11.550079345703125,3.483333110809326,2.8810226917266846,0.6023104190826416,0.06251406570867533,0.06251406570867533,0.5869318181818182,0.5869318181818182,0.18405187828740288,1.3155936398083523,0.03110573706336872,False,False,,0.3544119497467573,249,1.0001247697804834,2,True,80.0,0.33686570343215416,0.035092492629206384,0.5
51,chartevents::220645::Sodium (serum)::valuenum,Sodium (serum),chartevents,220645,valuenum,chart_other,observed_fraction,0.05678512156009674,8020,1.0,1122,6898,0.0019712280482053757,0.04716280475258827,0.05835024639964104,0.011187441647052765,-0.08740696209827396,0.08740696209827396,0.4197776332389094,0.5802223667610906,0.12365974084233795,0.883913655575357,0.006469220084385663,False,False,,0.41650372758281834,9,1.0001247581413637,19,True,81.0,0.336974110771721,0.1590592336221946,0.5
146,chartevents::227445::CK-MB::valuenum,CK-MB,chartevents,227445,valuenum,chart_other,slope,0.010624480433762074,115,0.014339152119700748,13,102,10.14514446258545,-0.4642072916030884,-0.8203502893447876,0.3561429977416992,0.03540537509534895,0.03540537509534895,0.5365761689291102,0.5365761689291102,0.17664163019071424,1.2626255562651767,0.058756800955598765,False,False,,0.3407948460136379,77,1.0001247175291759,1,True,82.0,0.3359815537364075,0.009626584554460875,0.5
415,chartevents::225695::Uric Acid::valuenum,Uric Acid,chartevents,225695,valuenum,chart_other,mean,0.0007689110352657735,109,0.013591022443890275,20,89,16.555086135864258,7.139166355133057,7.759232044219971,0.6200656890869141,-0.05898686467236536,0.05898686467236536,0.4775280898876404,0.5224719101123596,0.17724792504013637,1.2669593215881405,0.0756092242203219,False,False,,0.34941906567567754,298,1.000124731768295,2,True,83.0,0.3355379511619953,0.02776222902736452,0.5
210,labevents::52075::Absolute Neutrophil Count::valuenum,Absolute Neutrophil Count,labevents,52075,valuenum,lab_blood_gas_respiration,min,0.003423732239753008,591,0.07369077306733167,94,497,66.8140869140625,11.627128601074219,10.187766075134277,1.4393625259399414,0.06440066814220967,0.06440066814220967,0.5549574039984588,0.5549574039984588,0.19550464309849339,1.397457431060532,0.03236393950710159,False,False,,0.34880617236603106,131,1.0001247247865797,2,True,84.0,0.33355347567237487,0.030505393387312407,0.5
53,chartevents::220602::Chloride (serum)::valuenum,Chloride (serum),chartevents,220602,valuenum,chart_other,observed_fraction,0.05661886930465698,8020,1.0,1122,6898,0.001947652897797525,0.046977121382951736,0.05818715691566467,0.011210035532712936,-0.08811193044723556,0.08811193044723556,0.4194317477643421,0.5805682522356579,0.12358535508162247,0.8833819498704208,0.006073404242421976,False,False,,0.41642989006403835,9,1.0001247431806286,19,True,85.0,0.33410157956162867,0.16465662100481937,0.5
27,labevents::50868::Anion Gap::valuenum,Anion Gap,labevents,50868,valuenum,lab_metabolic,last,0.06262988597154617,7025,0.8759351620947631,890,6135,15.09145450592041,15.708989143371582,14.907090187072754,0.8018989562988281,0.06866093234704411,0.06866093234704411,0.5455495728139337,0.5455495728139337,0.15794116365121422,1.1289555547974492,0.002203097654470465,False,False,,0.3605482624242939,11,1.0001247151157098,1,True,86.0,0.33354985517391034,0.053996814500767064,0.5
82,chartevents::225664::Glucose finger stick (range 70-100)::valuenum,Glucose finger stick (range 70-100),chartevents,225664,valuenum,bedside_glucose,observed_fraction,0.05810993164777756,8020,1.0,1122,6898,0.010087188333272934,0.04222370684146881,0.06069392338395119,0.018470216542482376,-0.06379262874017769,0.06379262874017769,0.43818398626484517,0.5618160137351549,0.12576979631637097,0.8989962267890332,0.005253054035998295,False,False,,0.3698691112537603,36,1.0001246845718432,1,True,87.0,0.3317604506676285,0.07621732117226367,0.5
193,"labevents::50822::Potassium, Whole Blood::valuenum","Potassium, Whole Blood",labevents,50822,valuenum,lab_electrolyte,slope,0.006618869490921497,109,0.013591022443890275,29,80,0.02791573852300644,0.005563909653574228,0.010526453144848347,0.004962543491274118,-0.013124940915661012,0.013124940915661012,0.478448275862069,0.521551724137931,0.31599831426421937,2.2587401786087695,0.03591571833683549,False,False,,0.33760103041813555,115,1.0001246803127188,1,True,88.0,0.3317127590689489,0.011776542698373286,0.5
54,chartevents::220615::Creatinine (serum)::valuenum,Creatinine (serum),chartevents,220615,valuenum,chart_other,observed_fraction,0.054306939244270325,8020,1.0,1122,6898,0.0016943123191595078,0.04463755339384079,0.055879730731248856,0.011242177337408066,-0.09474082242082374,0.09474082242082374,0.4199760942358967,0.5800239057641032,0.12284310525787515,0.878076385176612,0.003874862888708641,False,False,,0.41724277340148913,9,1.0001247660105101,19,True,89.0,0.3293582024052875,0.17576914199240326,0.5
423,labevents::50889::C-Reactive Protein::valuenum,C-Reactive Protein,labevents,50889,valuenum,lab_other,max,0.0005351205472834408,101,0.012593516209476309,14,87,8799.15625,85.3785629272461,105.8839111328125,20.505348205566406,-0.07553506880050953,0.07553506880050953,0.49014778325123154,0.5098522167487685,0.138727816776539,0.9916195102921951,0.06982980436217989,False,False,,0.336730040758899,317,1.0001246698797137,2,True,90.0,0.3287010246200494,0.0160580322776992,0.5
330,labevents::51446::Lymphocytes::valuenum,Lymphocytes,labevents,51446,valuenum,lab_blood_gas_respiration,last,0.0011169991921633482,209,0.026059850374064837,16,193,589.51416015625,20.1875,27.21502685546875,7.02752685546875,-0.07695692595275747,0.07695692595275747,0.43507124352331605,0.564928756476684,0.07673919672187515,0.5485279480476282,0.04583579009215866,False,False,,0.33508017946564217,238,1.0001247388865144,1,True,91.0,0.3276414220468853,0.014877514837513742,0.5
52,chartevents::227442::Potassium (serum)::valuenum,Potassium (serum),chartevents,227442,valuenum,chart_other,observed_fraction,0.05674875155091286,8020,1.0,1122,6898,0.001959987450391054,0.04723707586526871,0.05829588323831558,0.011058807373046875,-0.08664934280580089,0.08664934280580089,0.4199417253392831,0.5800582746607169,0.12384516857845862,0.8852390837782872,0.0060487017493982,False,False,,0.41427432713220985,9,1.0001246886392676,19,True,92.0,0.3254265213052163,0.17769561165398706,0.5
156,chartevents::220050::Arterial Blood Pressure systolic::valuenum,Arterial Blood Pressure systolic,chartevents,220050,valuenum,vital_blood_pressure,std,0.094903364777565,1339,0.1669576059850374,231,1108,37.69072723388672,8.526285171508789,9.84119987487793,1.3149147033691406,-0.08092376876566133,0.08092376876566133,0.43492623501648775,0.5650737649835123,0.16668035522006608,1.191422859950918,0.008471084123527595,False,False,low_or_high_may_indicate_instability,0.3446079742422162,84,1.000124716087685,1,True,93.0,0.3249851284278503,0.03924569162873175,0.5
348,chartevents::227446::Brain Natiuretic Peptide (BNP)::valuenum,Brain Natiuretic Peptide (BNP),chartevents,227446,valuenum,chart_other,last,0.0010390690295025706,199,0.024812967581047382,26,173,14715094016.0,16822.384765625,25174.595703125,8352.2109375,-0.0232047322470386,0.0232047322470386,0.6098265895953756,0.6098265895953756,0.22873180888220124,1.6349635536856097,0.023764252418809972,False,False,,0.3279272728362701,254,1.0001246021715877,1,True,94.0,0.3220204828139065,0.01181358004472726,0.5
91,labevents::50878::Asparate Aminotransferase (AST)::valuenum,Asparate Aminotransferase (AST),labevents,50878,valuenum,lab_other,min,0.018375935032963753,2846,0.3548628428927681,428,2418,909485.8125,303.25,136.83787536621094,166.41212463378906,0.06237379487495954,0.06237379487495954,0.5795977211412846,0.5795977211412846,0.1938421348271945,1.3855739049145277,0.011894489834577637,False,False,,0.3466556014089112,42,1.0001247853166373,2,True,95.0,0.31946022767279925,0.05439074747222393,0.5
212,chartevents::226540::Hematocrit (whole blood - calc)::valuenum,Hematocrit (whole blood - calc),chartevents,226540,valuenum,chart_other,slope,0.006676018238067627,200,0.02493765586034913,25,175,0.7061854600906372,0.08324487507343292,-0.002133271424099803,0.08537814649753273,0.03360054413758964,0.03360054413758964,0.4979428571428571,0.502057142857143,0.25429976465009724,1.8177220253955257,0.04241116916669396,False,False,,0.331526521231513,133,1.0001246545635225,1,True,96.0,0.31679700308591663,0.029459036291192724,0.5
59,chartevents::220545::Hematocrit (serum)::valuenum,Hematocrit (serum),chartevents,220545,valuenum,chart_other,observed_fraction,0.05079488828778267,8020,1.0,1122,6898,0.0017101520206779242,0.04378342255949974,0.0519353449344635,0.00815192237496376,-0.06837955651162815,0.06837955651162815,0.43429157951696457,0.5657084204830354,0.1268461802704456,0.9066901655694954,0.006554735868228523,False,False,,0.38326290342810704,22,1.0001247276777434,3,True,97.0,0.31665516038064895,0.1332154860949162,0.5
359,chartevents::225651::Direct Bilirubin::valuenum,Direct Bilirubin,chartevents,225651,valuenum,chart_other,mean,0.0010286782635375857,182,0.022693266832917707,29,153,11.870050430297852,3.503448486328125,2.9448368549346924,0.5586116313934326,0.05934129619801595,0.05934129619801595,0.5755014649537976,0.5755014649537976,0.1977986093207011,1.413854587123015,0.0266817322012467,False,False,,0.33574220935471205,249,1.0001246745201795,2,True,98.0,0.3149416677185271,0.041601083272369874,0.5
125,labevents::51256::Neutrophils::valuenum,Neutrophils,labevents,51256,valuenum,lab_blood_gas_respiration,max,0.01108686625957489,1898,0.23665835411471323,298,1600,261.2518310546875,79.95133972167969,77.81281280517578,2.1385269165039062,0.048134618454767984,0.048134618454767984,0.5526887583892617,0.5526887583892617,0.18802220851058524,1.3439733620810104,0.02532071624609933,False,False,,0.32503191036263107,63,1.0001247277769478,2,True,99.0,0.3134934398391559,0.023076941046950347,0.5
105,chartevents::220587::AST::valuenum,AST,chartevents,220587,valuenum,chart_other,min,0.015523690730333328,2523,0.3145885286783042,364,2159,1035075.875,342.6153869628906,145.34437561035156,197.27101135253906,0.06812977871744355,0.06812977871744355,0.5837428551069125,0.5837428551069125,0.19006946233838556,1.3586070302619004,0.008881833524917448,False,False,,0.33900180417707554,42,1.0001247050272204,2,True,100.0,0.3071179467319612,0.06376771489022867,0.5
31,labevents::51301::White Blood Cells::valuenum,White Blood Cells,labevents,51301,valuenum,lab_cbc,max,0.055356401950120926,6920,0.8628428927680798,881,6039,84.51812744140625,12.973098754882812,12.270227432250977,0.7028713226318359,0.025483885091207217,0.025483885091207217,0.5469732399636942,0.5469732399636942,0.14262628686303194,1.0194855798943996,0.012253338663009261,False,False,,0.32743488525866676,15,1.0001246833427575,1,True,101.0,0.30697653387551826,0.04091670276629695,0.5
64,chartevents::220546::WBC::valuenum,WBC,chartevents,220546,valuenum,chart_other,observed_fraction,0.046560682356357574,8020,1.0,1122,6898,0.0012670918367803097,0.039884135127067566,0.0476466603577137,0.007762525230646133,-0.07564542106675647,0.07564542106675647,0.43296114144015496,0.567038858559845,0.12701194288781092,0.9078750284850656,0.003330804757476491,False,False,,0.38039721218386413,22,1.0001247058541987,3,True,102.0,0.30618034949149764,0.14843372538473304,0.5
252,labevents::50956::Lipase::valuenum,Lipase,labevents,50956,valuenum,lab_other,min,0.002426226157695055,422,0.05261845386533666,71,351,380989.03125,82.2957763671875,195.5014190673828,113.20564270019531,-0.06860916215876227,0.06860916215876227,0.42486256570763614,0.5751374342923639,0.14110039182948853,1.008578558353385,0.02554835200608374,False,False,,0.3142527408909393,166,1.0001246404649615,2,True,103.0,0.3060266401686726,0.01645220144453339,0.5
28,labevents::51221::Hematocrit::valuenum,Hematocrit,labevents,51221,valuenum,lab_cbc,slope,0.06032314896583557,1087,0.13553615960099752,155,932,0.09357575327157974,-0.1097521036863327,-0.03589361533522606,0.07385848835110664,-0.08442342733371976,0.08442342733371976,0.44139208085283116,0.5586079191471689,0.13870789667386374,0.9914771223925021,0.003939129453554235,False,False,,0.31040971733835576,12,1.0001247018973332,1,True,104.0,0.30392213952810226,0.012975155620507047,0.5
34,labevents::51277::RDW::valuenum,RDW,labevents,51277,valuenum,lab_other,min,0.05529925227165222,6918,0.8625935162094763,881,6037,6.336857795715332,15.917593955993652,15.562928199768066,0.35466575622558594,0.04696771338719837,0.04696771338719837,0.527159982228396,0.527159982228396,0.14805863833173888,1.05831575705931,0.007985056209706798,False,False,,0.3288451275217253,17,1.0001246623923001,1,True,105.0,0.30239794245491963,0.0528943701336113,0.5
260,labevents::50993::Thyroid Stimulating Hormone::valuenum,Thyroid Stimulating Hormone,labevents,50993,valuenum,lab_other,max,0.002072942676022649,389,0.048503740648379055,29,360,19.428247451782227,4.542758941650391,3.2578585147857666,1.284900426864624,0.07656905013743731,0.07656905013743731,0.5587164750957854,0.5587164750957854,0.1192657805706268,0.8525058468595605,0.02820313366450211,False,False,,0.3052593643877552,174,1.0001247408074199,1,True,106.0,0.3014177584167709,0.007683211941968658,0.5
60,chartevents::220228::Hemoglobin::valuenum,Hemoglobin,chartevents,220228,valuenum,chart_other,observed_fraction,0.05295095592737198,8020,1.0,1122,6898,0.0021070963703095913,0.04564022645354271,0.054140087217092514,0.008499860763549805,-0.06423229232515294,0.06423229232515294,0.43670961228266836,0.5632903877173316,0.1271432442015456,0.9088135637222778,0.004120208500492328,False,False,,0.3690177647253066,23,1.0001246761319067,1,True,107.0,0.2982587495992616,0.14151803025209012,0.5
30,labevents::51265::Platelet Count::valuenum,Platelet Count,labevents,51265,valuenum,lab_cbc,min,0.0559590607881546,6921,0.8629675810473816,881,6040,14401.3759765625,199.47445678710938,211.97682189941406,12.502365112304688,-0.034723828780952364,0.034723828780952364,0.46340157557261086,0.5365984244273891,0.12069576776836974,0.862727323977117,0.012336250821525674,False,False,,0.31788297975217666,14,1.0001246974965325,1,True,108.0,0.29587675953894577,0.04401244042646175,0.5
74,chartevents::227465::Prothrombin time::valuenum,Prothrombin time,chartevents,227465,valuenum,chart_other,slope,0.03227348253130913,277,0.034538653366583544,44,233,860182.25,-0.14583899080753326,66.15099334716797,66.2968323379755,-0.02612895769212873,0.02612895769212873,0.4315255559890753,0.5684744440109246,0.16195701618183722,1.157660668251635,0.026963248946331397,False,False,,0.3005295693851652,31,1.0001246804500667,2,True,109.0,0.294604067483724,0.011851003802882351,0.5
63,chartevents::227457::Platelet Count::valuenum,Platelet Count,chartevents,227457,valuenum,chart_other,observed_fraction,0.047075022011995316,8020,1.0,1122,6898,0.001335610169917345,0.04073826223611832,0.04810572788119316,0.007367465645074844,-0.0699297469729733,0.0699297469729733,0.4331334381455474,0.5668665618544526,0.12841739694649226,0.9179211439490802,0.002493727679159452,False,False,,0.3719550669116758,22,1.0001247543948744,3,True,110.0,0.2936855245508121,0.15653908472172737,0.5
404,labevents::50831::pH::valuenum,pH,labevents,50831,valuenum,lab_blood_gas_respiration,min,0.0006598088075406849,120,0.014962593516209476,8,112,0.03901498392224312,7.411250114440918,7.3655805587768555,0.0456695556640625,0.057674679841618455,0.057674679841618455,0.5909598214285715,0.5909598214285715,0.10719212575981758,0.7662039648785536,0.029837419791036712,False,False,lower_may_indicate_acidosis,0.30037986488369817,301,1.0001246900010647,1,True,111.0,0.29311860358737335,0.014522522592649599,0.5
159,chartevents::225667::Ionized Calcium::valuenum,Ionized Calcium,chartevents,225667,valuenum,chart_other,observed_fraction,0.010780340991914272,8020,1.0,1122,6898,0.0009048860520124435,0.016896909102797508,0.009785445407032967,0.007111463695764542,0.08200603398538654,0.08200603398538654,0.5409283814213632,0.5409283814213632,0.15906236276881955,1.136969830130065,0.002143352690385125,False,False,,0.3472081325260655,74,1.0001247466456558,2,True,112.0,0.2908640129192579,0.11268823921361525,0.5
393,chartevents::227463::Cortisol::valuenum,Cortisol,chartevents,227463,valuenum,chart_other,min,0.0007896924507804215,143,0.017830423940149626,15,128,509.52923583984375,35.880001068115234,26.92109489440918,8.958906173706055,0.12161440233733305,0.12161440233733305,0.5302083333333333,0.5302083333333333,0.1985236410300386,1.4190370775943937,0.0,False,False,,0.29701049423266107,286,1.0001247234480155,2,True,113.0,0.2904649934447069,0.013091001575908385,0.5
135,chartevents::225640::Differential-Eos::valuenum,Differential-Eos,chartevents,225640,valuenum,chart_other,mean,0.008899626322090626,1571,0.1958852867830424,233,1338,3.764244318008423,0.8781116008758545,1.1976208686828613,0.31950926780700684,-0.058529439206516286,0.058529439206516286,0.4227163083713441,0.5772836916286559,0.13014498116723672,0.9302698297337242,0.02029165959615087,False,False,,0.3018743719110612,61,1.000124694512073,2,True,114.0,0.2903380091757894,0.023072725470543672,0.5
37,labevents::50960::Magnesium::valuenum,Magnesium,labevents,50960,valuenum,lab_electrolyte,observed_fraction,0.06003221124410629,8020,1.0,1122,6898,0.0017198469722643495,0.05355020612478256,0.06108654662966728,0.00753634050488472,-0.06303752939286018,0.06303752939286018,0.44951099262024846,0.5504890073797515,0.12865467222634494,0.9196171758068507,0.007737945042396888,False,False,,0.36903671742263794,9,1.0001247181023252,19,True,115.0,0.2894054805284841,0.15926247378830768,0.5
73,labevents::51275::PTT::valuenum,PTT,labevents,51275,valuenum,lab_coagulation,min,0.039359934628009796,5042,0.6286783042394015,658,4384,396.7126159667969,41.42006301879883,39.83414840698242,1.5859146118164062,0.026821742189041604,0.026821742189041604,0.5462009198966122,0.5462009198966122,0.14508963159913335,1.037093445120365,0.01544039710815559,False,False,,0.30546132379003893,30,1.000124716909278,1,True,116.0,0.2859190957280561,0.03908445612396561,0.5
209,labevents::52074::Absolute Monocyte Count::valuenum,Absolute Monocyte Count,labevents,52074,valuenum,lab_other,mean,0.003423732239753008,591,0.07369077306733167,94,497,16.703475952148438,0.8043085336685181,1.2870556116104126,0.48274707794189453,-0.04319872642825105,0.04319872642825105,0.47709662228691296,0.522903377713087,0.16769475434828546,1.1986737342898837,0.03712331681686254,False,False,,0.2943733480603475,130,1.0001247352447666,1,True,117.0,0.2854837003494417,0.017779295421811527,0.5
298,labevents::51000::Triglycerides::valuenum,Triglycerides,labevents,51000,valuenum,lab_other,min,0.0014183291932567954,252,0.0314214463840399,41,211,253619.296875,138.9268341064453,209.69430541992188,70.76747131347656,-0.05186509841022483,0.05186509841022483,0.5036411975494162,0.5036411975494162,0.16455016707705122,1.1761963814241987,0.03996095142744016,False,False,,0.2902040242849785,208,1.0001246966224628,2,True,118.0,0.28426398471399644,0.011880079141964046,0.5
122,labevents::51200::Eosinophils::valuenum,Eosinophils,labevents,51200,valuenum,lab_blood_gas_respiration,min,0.01108686625957489,1898,0.23665835411471323,298,1600,3.2044382095336914,0.7573825120925903,1.1475625038146973,0.39017999172210693,-0.07929775798816928,0.07929775798816928,0.42278418624161074,0.5772158137583893,0.13366887097318622,0.9554584181862331,0.006911148432275471,False,False,,0.29600253030864837,61,1.0001246854097177,2,True,119.0,0.2829386778349785,0.026127704947339705,0.5
141,labevents::50808::Free Calcium::valuenum,Free Calcium,labevents,50808,valuenum,lab_electrolyte,observed_fraction,0.01307668350636959,8020,1.0,1122,6898,0.001148401526734233,0.019236482679843903,0.012074756436049938,0.007161726243793964,0.07330853025659563,0.07330853025659563,0.5417998784426394,0.5417998784426394,0.15718527814184882,1.1235525229034113,0.0013979969129023218,False,False,,0.33597561672855025,74,1.000124689689739,2,True,120.0,0.2795926577367662,0.11276591798356807,0.5
38,labevents::50970::Phosphate::valuenum,Phosphate,labevents,50970,valuenum,lab_blood_gas_respiration,observed_fraction,0.0584736093878746,8020,1.0,1122,6898,0.00166513177100569,0.05217617005109787,0.05949792638421059,0.007321756333112717,-0.06224065905907034,0.06224065905907034,0.4510973885323654,0.5489026114676345,0.12876868751455312,0.9204321513963601,0.004860839679921458,False,False,,0.35820811132073993,9,1.0001246940274902,19,True,121.0,0.2770483633855765,0.16231949587032685,0.5
154,chartevents::220052::Arterial Blood Pressure mean::valuenum,Arterial Blood Pressure mean,chartevents,220052,valuenum,vital_blood_pressure,mean,0.09560474008321762,1366,0.17032418952618453,235,1131,646.028076171875,79.22480010986328,82.05636596679688,2.8315658569335938,-0.04204511005230355,0.04204511005230355,0.48602629945256504,0.513973700547435,0.17070634682477276,1.220200447000604,0.01679666345495745,False,False,low_or_high_may_indicate_instability,0.2828411279042019,82,1.0001246915202333,1,True,122.0,0.2736663737462912,0.01834950831582133,0.5
199,chartevents::227287::O2 Flow (additional cannula)::valuenum,O2 Flow (additional cannula),chartevents,227287,valuenum,chart_other,mean,0.010136118158698082,693,0.08640897755610973,129,564,124.80065155029297,6.379866600036621,6.314957618713379,0.06490898132324219,0.002261501396605115,0.002261501396605115,0.5838281378855352,0.5838281378855352,0.22291751165050738,1.5934032472701152,0.01965280421958071,False,False,,0.28040841956641205,120,1.0001246850111531,1,True,123.0,0.27369954179217704,0.013417755548470054,0.5
39,"labevents::50893::Calcium, Total::valuenum","Calcium, Total",labevents,50893,valuenum,lab_electrolyte,observed_fraction,0.05838528648018837,8020,1.0,1122,6898,0.0016648456221446395,0.052250444889068604,0.05938315391540527,0.00713270902633667,-0.06063888117717599,0.06063888117717599,0.45238176453532997,0.54761823546467,0.1290138280181713,0.9221844034810462,0.004872434481710597,False,False,,0.355359193578425,9,1.000124653380772,19,True,124.0,0.2722798316409384,0.1661587238749732,0.5
123,labevents::51244::Lymphocytes::valuenum,Lymphocytes,labevents,51244,valuenum,lab_blood_gas_respiration,min,0.01108686625957489,1898,0.23665835411471323,298,1600,137.7274169921875,10.585906028747559,12.303062438964844,1.7171564102172852,-0.053231854612870125,0.053231854612870125,0.4341359060402684,0.5658640939597316,0.13822850436964776,0.9880504501288548,0.01685897465116737,False,False,,0.2868982565691591,62,1.0001246816062184,1,True,125.0,0.2722659458408368,0.02926462145664463,0.5
319,chartevents::225693::Triglyceride::valuenum,Triglyceride,chartevents,225693,valuenum,chart_other,min,0.001298836199566722,233,0.029052369077306732,37,196,316180.625,136.9729766845703,233.06378173828125,96.09080505371094,-0.06245787026066617,0.06245787026066617,0.5015857694429123,0.5015857694429123,0.15746762060017294,1.1255706927035536,0.03333456583390171,False,False,,0.2773462817144612,208,1.0001246704491042,2,True,126.0,0.2680453338698014,0.01860189568931963,0.5
23,labevents::50912::Creatinine::valuenum,Creatinine,labevents,50912,valuenum,lab_renal,observed_fraction,0.06339360028505325,8020,1.0,1122,6898,0.0017770918784663081,0.056929588317871094,0.06444501131772995,0.007515422999858856,-0.06184176562934323,0.06184176562934323,0.4518626779107226,0.5481373220892773,0.1287495603322862,0.9202954312521706,0.0015917904449489484,False,False,,0.34727872198062865,9,1.0001246663136962,19,True,127.0,0.2624324324766809,0.16969257900789544,0.5
25,labevents::50931::Glucose::valuenum,Glucose,labevents,50931,valuenum,lab_metabolic,observed_fraction,0.062297381460666656,8020,1.0,1122,6898,0.00175447016954422,0.05581550672650337,0.06335169821977615,0.007536191493272781,-0.062411179546005585,0.062411179546005585,0.4507994386241278,0.5492005613758721,0.12848247926074338,0.9183863490830321,0.0012464803377687517,False,False,,0.3476460603034303,9,1.0001246772413033,19,True,128.0,0.25920895036208136,0.17687421988269791,0.5
354,chartevents::220581::Amylase::valuenum,Amylase,chartevents,220581,valuenum,chart_other,std,0.0011118038091808558,192,0.023940149625935162,35,157,19.58755111694336,0.08571428805589676,0.8472051024436951,0.7614908143877983,-0.06642892236781797,0.06642892236781797,0.46660600545950864,0.5333939945404913,0.18065476190476187,1.29131122145828,0.014353381358714445,False,False,,0.2639265798949399,259,1.0001247638137603,1,True,129.0,0.25833440463826735,0.01118435051334513,0.5
208,labevents::52073::Absolute Eosinophil Count::valuenum,Absolute Eosinophil Count,labevents,52073,valuenum,lab_blood_gas_respiration,min,0.003423732239753008,591,0.07369077306733167,94,497,0.1670798361301422,0.09308509528636932,0.13092553615570068,0.03784044086933136,-0.0338570341954929,0.0338570341954929,0.46779613853332763,0.5322038614666724,0.15724555502637128,1.123983379065506,0.031182535222484375,False,False,,0.2660900787204355,129,1.0001246542253663,2,True,130.0,0.25556627547109045,0.021047606498690124,0.5
26,labevents::50882::Bicarbonate::valuenum,Bicarbonate,labevents,50882,valuenum,lab_blood_gas_respiration,observed_fraction,0.06268183887004852,8020,1.0,1122,6898,0.0017562099965289235,0.05618686601519585,0.06373828649520874,0.007551420480012894,-0.06250628071801785,0.06250628071801785,0.44938908640237246,0.5506109135976276,0.12839179387851468,0.917738134497048,0.00028346060219663904,False,False,,0.3459501414569683,9,1.0001246804529298,19,True,131.0,0.2555853487313018,0.18072958545133302,0.5
184,labevents::51493::RBC::valuenum,RBC,labevents,51493,valuenum,lab_other,last_minus_first,0.0053408145904541016,988,0.12319201995012469,159,829,25.20046043395996,-0.5031446814537048,0.3039807081222534,0.8071253895759583,-0.05908205862676043,0.05908205862676043,0.48638201667539127,0.5136179833246087,0.1569994214141293,1.1222240282899438,0.020879556369257646,False,False,,0.25856431466053903,107,1.0001247058528395,1,True,132.0,0.2548606558124246,0.007407317696228857,0.5
144,labevents::51491::pH::valuenum,pH,labevents,51491,valuenum,lab_blood_gas_respiration,observed_fraction,0.008125519379973412,8020,1.0,1122,6898,0.0003188644477631897,0.009729649871587753,0.007864599116146564,0.0018650507554411888,0.03623025123112012,0.03623025123112012,0.5201930834275248,0.5201930834275248,0.14654311446045892,1.047482868068521,0.0032423159060686046,False,False,lower_may_indicate_acidosis,0.2665849868848093,76,1.0001246238079242,2,True,133.0,0.24905331341562886,0.035063346938360905,0.5
387,labevents::50909::Cortisol::valuenum,Cortisol,labevents,50909,valuenum,lab_other,max,0.0008572319056838751,153,0.01907730673316708,16,137,485.4501647949219,35.42499923706055,27.687591552734375,7.737407684326172,0.10746128118323639,0.10746128118323639,0.5091240875912408,0.5091240875912408,0.19256488108656886,1.3764441589253853,0.0,False,False,,0.25909451404148753,286,1.0001247280257022,2,True,134.0,0.24861435644021423,0.020960315202546598,0.5
222,labevents::51255::Myelocytes::valuenum,Myelocytes,labevents,51255,valuenum,lab_other,min,0.0032938485965132713,548,0.06832917705735661,106,442,3.8412373065948486,0.22641509771347046,0.5633484125137329,0.33693331480026245,-0.06790345779418208,0.06790345779418208,0.4739712285494749,0.5260287714505252,0.18528881831543315,1.3244352253919554,0.010649376184026504,False,False,,0.25814683637347247,143,1.0001246947735931,1,True,135.0,0.24740253971529225,0.02148859331636042,0.5
20,labevents::50983::Sodium::valuenum,Sodium,labevents,50983,valuenum,lab_electrolyte,observed_fraction,0.06592892855405807,8020,1.0,1122,6898,0.0020297965966165066,0.05967766046524048,0.06694573163986206,0.007268071174621582,-0.05595987752745878,0.05595987752745878,0.4524481120105598,0.5475518879894402,0.12951082874394587,0.9257369398631425,0.0005422000803529947,False,False,,0.3367627025305298,9,1.0001246567389845,19,True,136.0,0.24716976211411046,0.1791858808328387,0.5
337,labevents::50867::Amylase::valuenum,Amylase,labevents,50867,valuenum,lab_other,std,0.0012364920694380999,207,0.025810473815461348,35,172,108.99109649658203,0.08571428805589676,1.993884563446045,1.9081702753901482,-0.06850929296756571,0.06850929296756571,0.4533222591362126,0.5466777408637874,0.1668486103268712,1.1926255390566018,0.00964496502339407,False,False,,0.2551167050097037,244,1.0001247526959258,1,True,137.0,0.24654448113928426,0.01714444774083884,0.5
177,chartevents::223679::TCO2 (calc) Venous::valuenum,TCO2 (calc) Venous,chartevents,223679,valuenum,chart_other,mean,0.007257896941155195,1049,0.13079800498753116,179,870,58.20472717285156,24.672624588012695,25.87623405456543,1.2036094665527344,-0.059349532416647206,0.059349532416647206,0.443238297052591,0.556761702947409,0.16481545486994797,1.1780926453270792,0.007052000837441064,False,False,,0.25926436494155763,100,1.0001247124987351,1,True,138.0,0.24601341678752023,0.0265018963080748,0.5
21,labevents::50971::Potassium::valuenum,Potassium,labevents,50971,valuenum,lab_electrolyte,observed_fraction,0.06592892855405807,8020,1.0,1122,6898,0.002020704559981823,0.059789061546325684,0.06692761182785034,0.007138550281524658,-0.055086086844918586,0.055086086844918586,0.45270316540121935,0.5472968345987806,0.1297366417122656,0.9273510396901694,0.0009037518062073868,False,False,,0.336685584961309,9,1.0001246686423801,19,True,139.0,0.24503265499562943,0.1833058599313592,0.5
221,labevents::51251::Metamyelocytes::valuenum,Metamyelocytes,labevents,51251,valuenum,lab_other,std,0.0032938485965132713,548,0.06832917705735661,106,442,0.10692448914051056,0.09905660152435303,0.06787324696779251,0.031183354556560516,0.037667584428796495,0.037667584428796495,0.5037565098608384,0.5037565098608384,0.2051383577172036,1.4663187423279616,0.02365569028888026,False,False,,0.25337675412088617,142,1.0001246999140752,1,True,140.0,0.24134253441934037,0.02406843940309163,0.5
22,labevents::50902::Chloride::valuenum,Chloride,labevents,50902,valuenum,lab_electrolyte,observed_fraction,0.06575748324394226,8020,1.0,1122,6898,0.002007130766287446,0.05952911823987961,0.06677056103944778,0.007241442799568176,-0.05606878687378404,0.05606878687378404,0.4522448057743881,0.5477551942256119,0.1295182735298072,0.9257901548209034,0.00018599902653693157,False,False,,0.33599731562073903,9,1.0001247155540454,19,True,141.0,0.24183755573521443,0.18831951977104922,0.5
137,chartevents::225642::Differential-Monos::valuenum,Differential-Monos,chartevents,225642,valuenum,chart_other,mean,0.008899626322090626,1571,0.1958852867830424,233,1338,26.302091598510742,5.627145767211914,6.116330146789551,0.4891843795776367,-0.03390059688776591,0.03390059688776591,0.43951160209652484,0.5604883979034752,0.1399346874938166,1.0002461619433236,0.01718443122330071,False,False,,0.2541617599313948,72,1.000124681880579,1,True,142.0,0.2402093215478395,0.02790487676711057,0.5
29,labevents::51222::Hemoglobin::valuenum,Hemoglobin,labevents,51222,valuenum,lab_cbc,observed_fraction,0.05646820366382599,8020,1.0,1122,6898,0.0015527437208220363,0.05262180417776108,0.05709385126829147,0.0044720470905303955,-0.03936762450342565,0.03936762450342565,0.46432611896599757,0.5356738810340025,0.1329395070283812,0.9502449611119583,0.002195615719051247,False,False,,0.31352256270630097,13,1.0001247304345562,4,True,143.0,0.23899389449812444,0.14905733641635305,0.5
140,"labevents::50911::Creatine Kinase, MB Isoenzyme::valuenum","Creatine Kinase, MB Isoenzyme",labevents,50911,valuenum,lab_other,std,0.011996051296591759,1560,0.19451371571072318,224,1336,82.03673553466797,0.8916940689086914,1.965286374092102,1.0735923051834106,-0.04156595756551823,0.04156595756551823,0.45410406864841746,0.5458959313515825,0.13806947414745643,0.9869137100379685,0.015427462000691783,False,False,,0.24864681007773395,73,1.0001246895119027,1,True,144.0,0.23794916189358778,0.021395296368292356,0.5
35,labevents::51249::MCHC::valuenum,MCHC,labevents,51249,valuenum,lab_other,observed_fraction,0.055304449051618576,8020,1.0,1122,6898,0.0014672129182145,0.051656268537044525,0.05589784309267998,0.004241574555635452,-0.03841177290268653,0.03841177290268653,0.4661826208118398,0.5338173791881602,0.13336628454099042,0.9532955454712506,0.0020259784865337416,False,False,,0.3105878503944251,13,1.0001247172736618,4,True,145.0,0.23347066624854668,0.15423436829175688,0.5
33,labevents::51279::Red Blood Cells::valuenum,Red Blood Cells,labevents,51279,valuenum,lab_other,observed_fraction,0.055304449051618576,8020,1.0,1122,6898,0.0014663470210507512,0.051656268537044525,0.055897846817970276,0.004241578280925751,-0.038423112477734285,0.038423112477734285,0.4661552290596514,0.5338447709403487,0.13337004456234716,0.9533224219162427,0.0017823084315622406,False,False,,0.30989516780382037,13,1.0001247028390021,4,True,146.0,0.22982139592804646,0.16014754375154783,0.5
149,labevents::50910::Creatine Kinase (CK)::valuenum,Creatine Kinase (CK),labevents,50910,valuenum,lab_other,min,0.009943890385329723,1409,0.1756857855361596,201,1208,9152294.0,515.6218872070312,689.302978515625,173.68109130859375,-0.020077427834931466,0.020077427834931466,0.5266033244374155,0.5266033244374155,0.1484734784913897,1.0612810138154594,0.024028200910909847,False,False,,0.23441660049989357,79,1.0001246295802992,1,True,147.0,0.22776818382491218,0.013296833349962808,0.5
36,labevents::51248::MCH::valuenum,MCH,labevents,51248,valuenum,lab_other,observed_fraction,0.05529925227165222,8020,1.0,1122,6898,0.0014667052309960127,0.051656268537044525,0.05589180812239647,0.004235539585351944,-0.03836370956455299,0.03836370956455299,0.46620413367381797,0.533795866326182,0.133378511657098,0.9533829442869215,0.001739571658775585,False,False,,0.3096586236835404,13,1.0001246912234656,4,True,148.0,0.2272908417881352,0.16473556379081042,0.5
76,chartevents::227466::PTT::valuenum,PTT,chartevents,227466,valuenum,chart_other,observed_fraction,0.03448150306940079,8020,1.0,1122,6898,0.0014868450816720724,0.03104575350880623,0.03504034876823425,0.003994595259428024,-0.035935518768829444,0.035935518768829444,0.46463976744919216,0.5353602325508078,0.13293110238537578,0.9501848851432387,0.0012855689002087,False,False,,0.2907278680336465,32,1.0001246682525218,1,True,149.0,0.2250714305944113,0.13131287487847038,0.5
121,labevents::51146::Basophils::valuenum,Basophils,labevents,51146,valuenum,lab_blood_gas_respiration,observed_fraction,0.01108686625957489,8020,1.0,1122,6898,0.0004528988793026656,0.012440582737326622,0.010866675525903702,0.0015739072114229202,0.02565439945829468,0.02565439945829468,0.5170093736643291,0.5170093736643291,0.14461503725072877,1.0337010684053876,0.005104742794592054,False,False,,0.25821834859813164,60,1.0001247684970183,3,True,150.0,0.22400438036039422,0.06842793647547485,0.5
207,labevents::52069::Absolute Basophil Count::valuenum,Absolute Basophil Count,labevents,52069,valuenum,lab_blood_gas_respiration,min,0.003423732239753008,591,0.07369077306733167,94,497,0.0013783262111246586,0.029999999329447746,0.02879275567829609,0.001207243651151657,0.011892510558783126,0.011892510558783126,0.4739179759407509,0.5260820240592491,0.17813107073086745,1.2732720029069136,0.027417159019279325,False,False,,0.23488154429244512,128,1.0001246977651215,1,True,151.0,0.22279490414861874,0.02417328028765274,0.5
192,labevents::51492::Protein::valuenum,Protein,labevents,51492,valuenum,lab_other,observed_fraction,0.004410848021507263,8020,1.0,1122,6898,0.00017775106243789196,0.005347593687474728,0.004258480854332447,0.0010891128331422806,0.02833677662299698,0.02833677662299698,0.5122483770386829,0.5122483770386829,0.1435758327668191,1.0262728866220046,0.0028108721438566686,False,False,,0.2435858774146035,114,1.0001246934146497,1,True,152.0,0.22273793374022022,0.041695887348766544,0.5
134,chartevents::225639::Differential-Basos::valuenum,Differential-Basos,chartevents,225639,valuenum,chart_other,max,0.008899626322090626,1571,0.1958852867830424,233,1338,0.12850426137447357,0.23326179385185242,0.2774290144443512,0.04416722059249878,-0.043789592664001356,0.043789592664001356,0.44101599337939534,0.5589840066206047,0.13837431499188618,0.9890926971790795,0.008074773922034373,False,False,,0.23706106432457336,71,1.0001247033253093,1,True,153.0,0.22115877469464776,0.03180457925985119,0.5
504,labevents::51444::Eosinophils::valuenum,Eosinophils,labevents,51444,valuenum,lab_blood_gas_respiration,observed_fraction,0.0002649625821504742,8020,1.0,1122,6898,1.096990399673814e-05,0.0,0.0003080603200942278,0.0003080603200942278,-0.03226398507362173,0.03226398507362173,0.49630327631197446,0.5036967236880255,0.1399002493765586,1.0,0.0,False,False,,0.22688565620793139,390,1.0001247644713438,1,True,154.0,0.2208347552481111,0.01210180191964058,0.5
124,labevents::51254::Monocytes::valuenum,Monocytes,labevents,51254,valuenum,lab_other,observed_fraction,0.01108686625957489,8020,1.0,1122,6898,0.0004528988793026656,0.012440582737326622,0.010866675525903702,0.0015739072114229202,0.02565439945829468,0.02565439945829468,0.5170093736643291,0.5170093736643291,0.14461503725072877,1.0337010684053876,0.005104742794592054,False,False,,0.25821834859813164,60,1.0001247684970183,3,True,155.0,0.22062567534655986,0.07518534650314358,0.5
228,chartevents::225082::Pregnant::valuenum,Pregnant,chartevents,225082,valuenum,chart_other,observed_fraction,0.0036159600131213665,8020,1.0,1122,6898,0.00024625915102660656,0.002636660821735859,0.0037752490025013685,0.0011385881807655096,-0.025168314986235875,0.025168314986235875,0.48954035606176893,0.5104596439382311,0.1384717160860384,0.9897889153387058,0.0,False,False,,0.22592647850805989,149,1.0001247362296093,1,True,156.0,0.2201607507608761,0.011531455494367588,0.5
206,labevents::51133::Absolute Lymphocyte Count::valuenum,Absolute Lymphocyte Count,labevents,51133,valuenum,lab_blood_gas_respiration,last,0.003423732239753008,591,0.07369077306733167,94,497,1.3145769834518433,1.1753193140029907,1.1351912021636963,0.040128111839294434,0.012799978321331876,0.012799978321331876,0.4920587353910698,0.5079412646089302,0.18449645305374376,1.318771438049042,0.03032252277484515,False,False,,0.23401098229725079,127,1.0001247160508235,1,True,157.0,0.21992595806680665,0.02817004846088827,0.5
220,labevents::51143::Atypical Lymphocytes::valuenum,Atypical Lymphocytes,labevents,51143,valuenum,lab_blood_gas_respiration,observed_fraction,0.0032938485965132713,8020,1.0,1122,6898,0.00016838996089063585,0.0045306007377803326,0.0030926838517189026,0.00143791688606143,0.03843785541429782,0.03843785541429782,0.5152201237383643,0.5152201237383643,0.14508727167538774,1.0370765765032173,0.0,False,False,,0.2499403148970118,141,1.000124691202903,2,True,158.0,0.21827000240117442,0.06334062499167477,0.5
250,chartevents::229361::Absolute Count - Basos::valuenum,Absolute Count - Basos,chartevents,229361,valuenum,chart_other,std,0.0024106400087475777,428,0.05336658354114713,63,365,1.8115490092895925e-05,0.0,0.0007890365086495876,0.0007890365086495876,-0.06568178846522316,0.06568178846522316,0.4767123287671233,0.5232876712328767,0.14719626168224298,1.052151531810685,0.010013533304644051,False,False,,0.22619956516218181,164,1.000124618607522,1,True,159.0,0.2171911577879754,0.018016814748412834,0.5
181,labevents::51516::WBC::valuenum,WBC,labevents,51516,valuenum,lab_cbc,observed_fraction,0.005470698233693838,8020,1.0,1122,6898,0.00021533503604587168,0.006387403700500727,0.0053215911611914635,0.0010658125393092632,0.025194582963877853,0.025194582963877853,0.5116439496012434,0.5116439496012434,0.1433869118645477,1.0249224894417759,0.0021939747809476273,False,False,,0.23827121841586005,104,1.0001247827738986,1,True,160.0,0.21665611810797814,0.04323020061576384,0.5
249,chartevents::229360::Absolute Count - Eos::valuenum,Absolute Count - Eos,chartevents,229360,valuenum,chart_other,max,0.0024106400087475777,428,0.05336658354114713,63,365,0.22486114501953125,0.11158730089664459,0.15139727294445038,0.039809972047805786,-0.02974455351754622,0.02974455351754622,0.46042617960426174,0.5395738203957383,0.1544517702195491,1.1040135447065809,0.020349170398396454,False,False,,0.2296356864971235,129,1.000124616088238,2,True,161.0,0.21477418002178839,0.029723012950670223,0.5
447,labevents::51431::Monos::valuenum,Monos,labevents,51431,valuenum,lab_other,observed_fraction,0.00041043225792236626,8020,1.0,1122,6898,1.693289050308522e-05,0.00014854427718091756,0.00045302987564355135,0.0003044855984626338,-0.025667577171679036,0.025667577171679036,0.49634617282955257,0.5036538271704474,0.13958200574738158,0.9977252104224602,0.0,False,False,,0.21856173299408407,338,1.0001245772420229,4,True,162.0,0.21460241574515465,0.007918634497858824,0.5
331,labevents::51450::Monos::valuenum,Monos,labevents,51450,valuenum,lab_other,observed_fraction,0.0011169991921633482,8020,1.0,1122,6898,4.832457852899097e-05,0.0005941771087236702,0.001202039304189384,0.0006078621954657137,-0.03033226260779077,0.03033226260779077,0.493135394330114,0.506864605669886,0.13899693065351953,0.9935431228531433,0.0,False,False,,0.22731927222557258,239,1.0001247731142962,2,True,163.0,0.2145435965386597,0.02555135137382577,0.5
413,labevents::51448::Mesothelial Cells::valuenum,Mesothelial Cells,labevents,51448,valuenum,lab_other,mean,0.0005870739696547389,113,0.014089775561097256,13,100,30.5164852142334,3.461538553237915,4.869999885559082,1.408461332321167,-0.0813525122047468,0.0813525122047468,0.4938461538461539,0.5061538461538462,0.11664930805808829,0.8338034319303638,0.0147639613316084,False,False,,0.22238527202713043,310,1.000124697155486,1,True,164.0,0.21346429615867796,0.017841951736904928,0.5
364,"labevents::50905::Cholesterol, LDL, Calculated::valuenum","Cholesterol, LDL, Calculated",labevents,50905,valuenum,lab_other,min,0.0009247714187949896,176,0.021945137157107233,23,153,1659.70166015625,74.60869598388672,83.82353210449219,9.214836120605469,-0.0762376418702907,0.0762376418702907,0.4380505825518613,0.5619494174481388,0.13097699674096247,0.9362170355280919,0.0,False,False,,0.22599395772488776,268,1.0001247240465756,2,True,165.0,0.21336702287913586,0.0252538696915038,0.5
231,chartevents::225637::Differential-Atyps::valuenum,Differential-Atyps,chartevents,225637,valuenum,chart_other,observed_fraction,0.00278470478951931,8020,1.0,1122,6898,0.00013814802514389157,0.0038250151555985212,0.00261549255810678,0.0012095225974917412,0.035696468277470104,0.035696468277470104,0.5135974854371491,0.5135974854371491,0.14440868003423876,1.0322260373213858,0.0,False,False,,0.24430211492952505,141,1.0001246611251249,2,True,166.0,0.2096683575016599,0.06926751485573032,0.5
378,chartevents::225671::LDL calculated::valuenum,LDL calculated,chartevents,225671,valuenum,chart_other,last,0.000878013321198523,167,0.02082294264339152,23,144,1640.2669677734375,74.60869598388672,82.97222137451172,8.363525390625,-0.07116408058904675,0.07116408058904675,0.44429347826086957,0.5557065217391304,0.14253904742402487,1.0188619967385735,0.0,False,False,,0.22138579210803153,268,1.0001247089451175,2,True,167.0,0.20583497508728424,0.03110163404149455,0.5
233,chartevents::225085::Post menopausal::valuenum,Post menopausal,chartevents,225085,valuenum,chart_other,observed_fraction,0.0034289276227355003,8020,1.0,1122,6898,0.00022679541143588722,0.002896613208577037,0.0035155117511749268,0.0006188985425978899,-0.014255617314073118,0.014255617314073118,0.4922383790491341,0.507761620950866,0.13931585971998714,0.9958228119022254,0.0006750164474171871,False,False,,0.21246802969345668,152,1.0001247464885406,1,True,168.0,0.20476164620947526,0.015412766967962828,0.5
475,"labevents::52369::Total Nucleated Cells, Other::valuenum","Total Nucleated Cells, Other",labevents,52369,valuenum,lab_other,observed_fraction,0.00033250206615775824,8020,1.0,1122,6898,1.3743699128099252e-05,0.00014854427718091756,0.0003624238888733089,0.00021387961169239134,-0.020012498137852327,0.020012498137852327,0.4974334445025012,0.5025665554974987,0.1396243126586386,0.9980276181125504,0.0,False,False,,0.210570337312518,338,1.0001248440986044,4,True,169.0,0.20391998348024268,0.013300707664550675,0.5
484,chartevents::224167::Manual Blood Pressure Systolic Left::valuenum,Manual Blood Pressure Systolic Left,chartevents,224167,valuenum,vital_blood_pressure,observed_fraction,0.0003065253549721092,8020,1.0,1122,6898,1.397676987835439e-05,0.00014854427718091756,0.0003322219126857817,0.00018367763550486416,-0.017042627453031405,0.017042627453031405,0.49801254748980434,0.5019874525101957,0.13965614357282244,0.9982551438984278,0.0,False,False,low_or_high_may_indicate_instability,0.20638770033762027,372,1.0001247002289706,1,True,170.0,0.202556335724394,0.007662729226452537,0.5
138,chartevents::225643::Differential-Neuts::valuenum,Differential-Neuts,chartevents,225643,valuenum,chart_other,min,0.008899626322090626,1571,0.1958852867830424,233,1338,285.52081298828125,77.46287536621094,77.10202026367188,0.3608551025390625,0.007590088569324061,0.007590088569324061,0.5139869897419119,0.5139869897419119,0.1655415615146837,1.1832828193830331,0.026232033547970213,False,False,,0.2264683597647429,63,1.0001247210011477,2,True,171.0,0.1989995206261531,0.05493767827717958,0.5
247,chartevents::229358::Absolute Count - Lymphs::valuenum,Absolute Count - Lymphs,chartevents,229358,valuenum,chart_other,last,0.0024106400087475777,428,0.05336658354114713,63,365,1.2759747505187988,1.1726983785629272,1.111315131187439,0.06138324737548828,0.019253179363782708,0.019253179363782708,0.4808436616655795,0.5191563383344204,0.18185415904688945,1.299884452367249,0.019436256385825024,False,False,,0.21377131675653951,162,1.0001247017693353,1,True,172.0,0.19837025742673567,0.030802118659607674,0.5
133,labevents::50862::Albumin::valuenum,Albumin,labevents,50862,valuenum,lab_liver_protein,observed_fraction,0.009206151589751244,8020,1.0,1122,6898,0.0003875902038998902,0.010175282135605812,0.009048516862094402,0.0011267652735114098,0.019853216861486167,0.019853216861486167,0.5107032625644159,0.5107032625644159,0.14317455087205808,1.0234045436665828,0.0,False,False,,0.22786899469035693,70,1.000124717378279,2,True,173.0,0.19391918871660863,0.0678996119474966,0.5
398,labevents::51478::Glucose::valuenum,Glucose,labevents,51478,valuenum,lab_metabolic,observed_fraction,0.0007377389702014625,8020,1.0,1122,6898,3.279254087829031e-05,0.0005199049483053386,0.0007731709629297256,0.000253266014624387,-0.015341686074776302,0.015341686074776302,0.49731961368326555,0.5026803863167344,0.13942970877320274,0.9966365992523049,0.0,False,False,,0.2051122055547514,296,1.000124757737646,1,True,174.0,0.19239416172406112,0.025436087661380533,0.5
132,chartevents::227429::Troponin-T::valuenum,Troponin-T,chartevents,227429,valuenum,chart_other,observed_fraction,0.011627182364463806,8020,1.0,1122,6898,0.000706887396518141,0.010695187374949455,0.011778776533901691,0.0010835891589522362,-0.014137519380211835,0.014137519380211835,0.4985530823732007,0.5014469176267993,0.13815822104939784,0.9875480684636103,0.0030135529496575497,False,False,,0.2217929469121082,69,1.0001246712636072,1,True,175.0,0.19234742284971906,0.058891048124778314,0.5
161,chartevents::225634::CK (CPK)::valuenum,CK (CPK),chartevents,225634,valuenum,chart_other,observed_fraction,0.008624272421002388,8020,1.0,1122,6898,0.0005057688103988767,0.007687166798859835,0.00877669919282198,0.0010895323939621449,-0.016805364889127095,0.016805364889127095,0.49651355969257144,0.5034864403074286,0.1381488263985381,0.98748091596816,0.0014479089137886536,False,False,,0.21905393385040012,87,1.0001246986194707,1,True,176.0,0.190432639292449,0.05724258911590222,0.5
363,"labevents::51283::Reticulocyte Count, Automated::valuenum","Reticulocyte Count, Automated",labevents,51283,valuenum,lab_other,observed_fraction,0.0009299667435698211,8020,1.0,1122,6898,3.874966932926327e-05,0.0007427213713526726,0.0009604233200661838,0.00021770194871351123,-0.012131431371529056,0.012131431371529056,0.49752996166705166,0.5024700383329483,0.13942064333210097,0.9965717999317735,0.0,False,False,,0.2011179366186543,267,1.0001246565121995,1,True,177.0,0.18674479533665875,0.028746282563991064,0.5
304,labevents::50852::% Hemoglobin A1c::valuenum,% Hemoglobin A1c,labevents,50852,valuenum,lab_cbc,observed_fraction,0.0012832501670345664,8020,1.0,1122,6898,5.355380562832579e-05,0.001114081940613687,0.0013107664417475462,0.00019668450113385916,-0.009323058458742,0.009323058458742,0.49741981322959616,0.5025801867704038,0.13948532651923953,0.9970341521250455,0.0,False,False,,0.19808740200053893,214,1.00012465429253,2,True,178.0,0.18501536672324553,0.0261440705545868,0.5
351,labevents::51257::Nucleated Red Cells::valuenum,Nucleated Red Cells,labevents,51257,valuenum,lab_other,observed_fraction,0.0011014131596311927,8020,1.0,1122,6898,5.203918772167526e-05,0.0014111706987023354,0.0010510293068364263,0.0003601413918659091,0.017317743986295615,0.017317743986295615,0.5045033591074216,0.5045033591074216,0.14121558646837146,1.0094019638826552,0.0,False,False,,0.21046811075199262,257,1.0001247643548696,1,True,179.0,0.1849386859099963,0.05105884968399265,0.5
305,labevents::51613::eAG::valuenum,eAG,labevents,51613,valuenum,lab_other,observed_fraction,0.0012832501670345664,8020,1.0,1122,6898,5.355380562832579e-05,0.001114081940613687,0.0013107664417475462,0.00019668450113385916,-0.009323058458742,0.009323058458742,0.49741981322959616,0.5025801867704038,0.13948532651923953,0.9970341521250455,0.0,False,False,,0.19808740200053893,214,1.00012465429253,2,True,180.0,0.18229334125898491,0.03158812148310804,0.5
352,"labevents::50953::Iron Binding Capacity, Total::valuenum","Iron Binding Capacity, Total",labevents,50953,valuenum,lab_other,observed_fraction,0.0010182876139879227,8020,1.0,1122,6898,4.2690575355663896e-05,0.0008541295537725091,0.001044988981448114,0.00019085942767560482,-0.010132837872987199,0.010132837872987199,0.4979226844537335,0.5020773155462666,0.13947531792096698,0.9969626111641313,0.0,False,False,,0.19842640498924613,258,1.0001245921783262,2,True,181.0,0.18189820255621533,0.03305640486606161,0.5
353,labevents::50998::Transferrin::valuenum,Transferrin,labevents,50998,valuenum,lab_other,observed_fraction,0.0010182876139879227,8020,1.0,1122,6898,4.2690575355663896e-05,0.0008541295537725091,0.001044988981448114,0.00019085942767560482,-0.010132837872987199,0.010132837872987199,0.4979226844537335,0.5020773155462666,0.13947531792096698,0.9969626111641313,0.0,False,False,,0.19842640498924613,258,1.0001245921783262,2,True,182.0,0.17922708765253043,0.03839863467343144,0.5
164,labevents::51003::Troponin T::valuenum,Troponin T,labevents,51003,valuenum,lab_other,observed_fraction,0.009829592891037464,8020,1.0,1122,6898,0.0007099565118551254,0.0091354725882411,0.009942496195435524,0.0008070236071944237,-0.01050639546020122,0.01050639546020122,0.49713555919745267,0.5028644408025473,0.13866950497155345,0.9912027004205515,0.0,False,False,,0.20785436489337283,90,1.0001246769789112,1,True,183.0,0.1779559737559902,0.05979678227476525,0.5
136,chartevents::225641::Differential-Lymphs::valuenum,Differential-Lymphs,chartevents,225641,valuenum,chart_other,observed_fraction,0.008899626322090626,8020,1.0,1122,6898,0.00035828803083859384,0.00928401667624712,0.00883710291236639,0.0004469137638807297,0.008190144797774641,0.008190144797774641,0.5065506341707458,0.5065506341707458,0.14132235668357132,1.010165152051909,0.0017028983460045666,False,False,,0.21366693903157832,60,1.0001247030965448,3,True,184.0,0.17094283545256186,0.0854482071580329,0.5
158,chartevents::227456::Albumin::valuenum,Albumin,chartevents,227456,valuenum,chart_other,observed_fraction,0.007481296546757221,8020,1.0,1122,6898,0.00031376557308249176,0.007835710421204567,0.007423649542033672,0.0004120608791708946,0.008069417276407627,0.008069417276407627,0.5049953769957863,0.5049953769957863,0.1410718660929076,1.008374657812049,0.0,False,False,,0.20559559122323323,70,1.0001247470008932,2,True,185.0,0.16872212165279976,0.07374693914086691,0.5
248,chartevents::229359::Absolute Count - Monos::valuenum,Absolute Count - Monos,chartevents,229359,valuenum,chart_other,observed_fraction,0.0024106400087475777,8020,1.0,1122,6898,0.00011108409671578556,0.0024509807117283344,0.002404078608378768,4.690210334956646e-05,0.0015436482313278001,0.0015436482313278001,0.5015621051130065,0.5015621051130065,0.14015226887082272,1.0018014227664869,0.0,False,False,,0.18907333628551976,163,1.0001247509303537,1,True,186.0,0.15739529369713345,0.06335608517677259,0.5
